eigenvector_idx,nearest_molecule_idx,distance,explained_variance_ratio,cumulative_variance_ratio,smiles
0,1555678,0.9128701257132495,0.07523118882754398,0.07523118882754398,CC1OC(OC2C(O)C(OC3OC(CO)C(O)C(O)C3O)C(OC3CCC4(C)C(CCC5(C)C4CC=C4C6CC(C)(C)CC(OC(=O)C=C(C)C)C6(CO)C(O)C(O)C54C)C3(C)C)OC2C(O)=O)C(O)C(O)C1O
1,538160,0.8524125320865057,0.06704994059851822,0.1422811294260622,CC1(C)Oc2cc(O)c3C(=O)c4cc(O)ccc4Oc3c2C=C1
2,1196081,1.0234664226436705,0.05369856002326216,0.19597968944932437,COc1ccc(C=C2SC(=S)N(CC(=O)OCC(=O)Nc3ccc(C)cc3Cl)C2=O)cc1
3,1565124,1.2236874789738035,0.03813827763667292,0.2341179670859973,OC1C2OC(=O)c3c1c(O)c(O)c(O)c3-c1c(O)c(O)c(O)c3-c4c(O)c(O)c(O)cc4C(=O)OC4COC(=O)c5cc(O)c(O)c(O)c5-c5c(O)c(O)c6OC(=O)c7c(c(O)c(O)c8OC(=O)c5c6-c78)-c5c(O)c(O)c(O)cc5C(=O)OC4C2OC(=O)c13
4,641064,1.043032790355176,0.035143294054908944,0.26926126114090626,O=C1CN(CC(=O)N1)S(=O)(=O)c1ccc(cc1)N(=O)=O
5,1553093,0.9838460170082216,0.02953560567112866,0.29879686681203493,Cc1cc(N=Nc2ccc(C=Cc3ccc(cc3S(O)(=O)=O)N=Nc3cc(C)c(N)c(N=Nc4ccc(cc4)S(O)(=O)=O)c3N)c(c2)S(O)(=O)=O)c(N)c(N=Nc2ccc(cc2)S(O)(=O)=O)c1N
6,9002,1.135149930844216,0.026187063125924837,0.32498392993795977,CCn1cnc2ncnc(N)c12
7,840582,1.0127865077656815,0.0232187216638949,0.34820265160185465,NCCCNCCCCNCCCNC(=O)CCCCCCCCCCC(=O)NCCCNCCCCNCCCN
8,1512813,1.0661885481686153,0.021835884143775516,0.37003853574563017,Cc1ccc(C=NN2C(=S)N(CN3CCN(CN4N=C(N(N=Cc5ccc(C)c(C)c5)C4=S)C(F)(F)F)CC3)N=C2C(F)(F)F)cc1C
9,109950,1.0642047890648634,0.018789680982871763,0.38882821672850193,CCOc1cc(CN(C)CCCO)ccc1OC(F)F
10,161845,1.0741451962032702,0.018038620065447212,0.40686683679394914,CCCCCCNS(=O)(=O)c1ccccc1N(=O)=O
11,69494,1.1356796760768155,0.017138961932929624,0.42400579872687877,CC(=O)OCCc1c(C)nc(Cl)nc1Cl
12,1192149,1.1771167703581595,0.01658504986017948,0.44059084858705827,COc1ccc(OC)c2[nH]c(cc12)C(=O)NCCC(=O)NCCc1c[nH]c2ccccc12
13,1046650,1.1284796961096892,0.015192080937993062,0.45578292952505134,O=C(OCc1ccccc1)N1CCOCCOCCN(CCOCCOCC1)C(=O)OCc1ccccc1
14,844405,1.1932574395083506,0.013538144691531803,0.46932107421658315,O=C(CSc1nnc(SCC(=O)NCCSCc2ccco2)s1)NCCSCc1ccco1
15,100734,1.236370656043146,0.012796868210790261,0.4821179424273734,Fc1c(F)c(F)c(c(F)c1F)C(F)(F)F
16,1398224,1.250076606915388,0.012435241561253009,0.4945531839886264,C[n+]1ccc(Nc2ccc(NC(=O)CCCCCC(=O)Nc3ccc(Nc4cc[n+](C)cc4)cc3)cc2)cc1
17,854195,1.1241698262175,0.012018914063361644,0.5065720980519881,CCOc1cc(C)c(cc1C)S(=O)(=O)NC1CC(C)(C)NC(C)(C)C1
18,26476,1.2590295781025456,0.010930610273437037,0.5175027083254251,Clc1cnc(C#N)c2ccccc12
19,101666,1.1813118775323357,0.010282411821101007,0.5277851201465261,Cc1cc(C)cc(NC(=O)Nn2cnnc2)c1
20,778050,1.2514744549665253,0.009818191973669458,0.5376033121201956,Fc1ccc(F)c(CCC(=O)NS(=O)(=O)c2ccc3OCCOc3c2)c1
21,100174,1.1694281658349126,0.009755125232759563,0.5473584373529552,CCCCNS(=O)(=O)NC(=O)OC(C)(C)C
22,959057,1.2010188238682187,0.009048857156526776,0.556407294509482,Clc1cc(Cl)c2ncnc(OCC(=O)Nc3cc(ccc3Cl)N(=O)=O)c2c1
23,95181,1.247536140969636,0.008877285750407162,0.5652845802598891,COc1ccc2nc(N(C)C)c(SC)nc2c1
24,769,1.2483608771087042,0.008675113277084173,0.5739596935369733,ClCC(Cl)=C
25,484486,1.1466030368119025,0.008220174474113003,0.5821798680110863,FC(F)C(F)(F)COC(=O)CCC(=O)Nc1ccc(F)cc1F
26,509628,1.1707558509133063,0.008130553869951424,0.5903104218810378,OC1Cc2cccc(NC(=O)NC3CC(C3)c3ccccc3)c2C1
27,1551731,1.1888598647722575,0.0077236914163873035,0.5980341132974251,C[N+](C)(CCCC[N+](C)(C)CC(=O)NCCC(F)(F)C(F)(F)C(F)(F)C(F)(F)C(F)(F)C(F)(F)F)CC(=O)NCCC(F)(F)C(F)(F)C(F)(F)C(F)(F)C(F)(F)C(F)(F)F
28,982297,1.248217116393814,0.00766088226542363,0.6056949955628487,Cc1cc(OC(=O)c2ccc(CCC[O]=N(O)=O)cc2)n(n1)-c1ccccc1
29,199325,1.1820167746935715,0.007208661739030469,0.6129036573018791,COc1ccc(CSc2ccc(C#N)c(c2)C#N)cc1
30,1151055,1.2224016752405333,0.006893742544223232,0.6197973998461024,CSc1ccc(s1)C(=C=C=C(c1ccc(SC)s1)c1ccc(SC)s1)c1ccc(SC)s1
31,755961,1.2265212143893824,0.006680101663007831,0.6264775015091102,CC(C)N(C(C)C)C(=O)C12C3C4C5(C#N)C3C1(I)C5C24I
32,436103,1.2253866875005106,0.006342181905344081,0.6328196834144543,CCOC(=O)c1sc(NC(=O)Cc2c(F)cccc2Cl)nc1C
33,709740,1.142112837245026,0.006110306939302493,0.6389299903537567,CCOC(=O)c1c(C)[nH]c(C(=O)COC(=O)c2cnccn2)c1C
34,542879,1.1834111557963685,0.00593703846740867,0.6448670288211654,O=C(COc1ccc(cc1)C#N)OCC(=O)N1CCc2ccccc12
35,108116,1.1906017929410524,0.005765195646096645,0.6506322244672621,Cc1cc(C(=O)NN)c2cc(Br)ccc2n1
36,85409,1.2634050106321857,0.00568607851179368,0.6563183029790558,CCn1c(SC)nnc1-c1nnc(SC)n1CC
37,35213,1.2134062597836577,0.005422281711964572,0.6617405846910204,Oc1cc2CCOc2cc1Sc1cccnc1
38,124544,1.264609955693361,0.005359001036036447,0.6670995857270569,CCc1nnc(CNC(=O)CCCN2CCCCC2)s1
39,665009,1.19931970278224,0.0050878436862740115,0.6721874294133309,CC(C)c1cc(CNC(=O)NCC23CC4CC(CC(C4)C2)C3)on1
40,11646,1.2373146040283678,0.0049794811967713865,0.6771669106101023,CN(C)CC(=O)Nc1nccs1
41,251279,1.2629132888579104,0.004943376536458317,0.6821102871465605,CCc1nnc(CNC(=O)c2cc3CCCc3nc2OC)s1
42,778957,1.2892719943496713,0.004844477996664524,0.6869547651432251,CC(=O)c1ccc(OCc2cn(CCn3c(C)ncc3N(=O)=O)nn2)cc1
43,63039,1.2303624782463332,0.004755322942802618,0.6917100880860276,Cc1cc(CNc2cc(Cl)ccc2C)no1
44,235054,1.2761364289199755,0.004495560857991364,0.696205648944019,Clc1cc(cnc1Cl)C(=O)OCC(=O)N1CCCC1
45,1334132,1.2101871426474904,0.004457279494860091,0.7006629284388791,O=C(Cc1cc2ccccc2s1)Nc1nnc(CCCCc2nnc(NC(=O)Cc3cc4ccccc4s3)s2)s1
46,195741,1.2355923935215032,0.004314378500408584,0.7049773069392877,CCOCCNC(=O)NC12CC3CC(CC(C3)C1)C2
47,1184749,1.2630566948596096,0.004262776805054617,0.7092400837443423,CN(C)S(=O)(=O)c1cc(NC(=O)c2c(C)onc2-c2c(F)cccc2Cl)ccc1Cl
48,93942,1.2600273871506569,0.0041888073669865385,0.7134288911113289,O=C(Nc1ccc2snnc2c1)N1CCSCC1
49,1556973,1.2679903395003185,0.004143343891444721,0.7175722350027737,Cc1cccc(n1)-c1cccc(COc2c3Cc4cc(CP(O)(O)=O)cc(Cc5cc(CP(O)(O)=O)cc(Cc6cc(CP(O)(O)=O)cc(Cc2cc(CP(O)(O)=O)c3)c6O)c5OCc2cccc(n2)-c2cccc(C)n2)c4O)n1
50,1463564,1.2872369219902142,0.004040119638378606,0.7216123546411523,CC(C)CC(N)C(=O)N1CC(C(C1)C(=O)NCCc1c[nH]c2ccccc12)C(=O)NCCc1c[nH]c2ccccc12
51,297314,1.275000705702471,0.0038460427809422692,0.7254583974220945,O=C(NCCCc1ccccc1)NC(=O)NCCCc1ccccc1
52,763818,1.1973559423054874,0.0038084040108648715,0.7292668014329594,CC(C)c1ccccc1NC(=O)COC(=O)Cc1cccc(c1)C(F)(F)F
53,226120,1.2384204516724475,0.0036856983858301767,0.7329524998187896,CC(C)C(C(=O)Nc1cnccn1)c1ccc(Cl)cc1
54,26551,1.2725813541340039,0.0036466641155306376,0.7365991639343202,Cc1nn(CC(O)=O)c(C)c1N
55,5843,1.2846257369744067,0.0035258832644493336,0.7401250471987696,Nc1ncc(Br)cc1Br
56,406402,1.2398491199308959,0.0034719530306044468,0.743597000229374,Cc1nnc(SCC(=O)NCc2ccc3NC(=O)CCc3c2)s1
57,403290,1.2835866597163064,0.003442517236950345,0.7470395174663244,Oc1n(CC(=O)Nc2cccnc2)ncc2c1nc1ccccc21
58,101861,1.2725805412781392,0.003406845981295197,0.7504463634476195,Cc1cccc(OCCCC(=O)Nc2nccs2)c1
59,184735,1.2827721536109524,0.0032816937398154186,0.753728057187435,Nc1n[n+]([O-])c2cnccc2[n+]1[O-]
60,1118783,1.278003202080323,0.003212896923006454,0.7569409541104414,O=C(CCCCC(=O)OCc1cn(Cc2ccccc2)nn1)OCc1cn(Cc2ccccc2)nn1
61,437571,1.2501044524324125,0.0031998907274997015,0.7601408448379411,CN(CCc1c(C)nn(C)c1C)C(=O)Nc1cc(C)ccc1C
62,48388,1.284859769233614,0.003150601051073707,0.7632914458890148,O=C(Nc1ccccn1)c1cc[nH]n1
63,368717,1.2948057348792306,0.0031023817307088675,0.7663938276197236,Cc1cc(NC(=O)COc2ccc(C)nc2N(=O)=O)no1
64,127818,1.2504725878048304,0.003043235263288348,0.769437062883012,COCCSc1ccccc1C(=O)NCCCn1ccnc1
65,482734,1.2809399481651405,0.0030176161180631993,0.7724546790010751,CCNC(=O)COC(=O)c1cc(nc2ccccc12)-c1ccco1
66,133546,1.302407076348626,0.0029050626815717373,0.7753597416826469,O=C(Cc1cccs1)NCCc1cn2ccccc2n1
67,148,1.3112261696715533,0.002834959556554915,0.7781947012392018,C1CO1
68,416388,1.2951423453918993,0.002737932800440966,0.7809326340396427,CC(C)CN1CCC2C1CCN2S(=O)(=O)c1cn(C)cn1
69,200307,1.194017601396747,0.0027137413966138117,0.7836463754362566,CNS(=O)(=O)CCCNC(C)(C)c1nc(C)cs1
70,290177,1.2407376094461202,0.002651380757263856,0.7862977561935205,CC(C)C1CN(CCCO)CC1NC(=O)CCC(F)(F)F
71,427,1.3268022686920644,0.0026325634963035205,0.788930319689824,NCCNCCO
72,26633,1.312392814204866,0.002538255546694609,0.7914685752365186,OC(=O)c1nnsc1-c1csnn1
73,1625,1.311068485332419,0.0024794261819664483,0.793948001418485,CNC(=O)C#CC
74,1551759,1.3195000240748804,0.0024444927390165285,0.7963924941575015,CCOC(=O)c1c(C)oc2cc(OC)c(OCc3oc4cc(OC)c(OCc5oc6cc(OC)c(OCc7oc8cc(OC)c(OS(O)(=O)=O)cc8c7C(=O)OCC)cc6c5C(=O)OCC)cc4c3C(=O)OCC)cc12
75,501548,1.2486887789445942,0.002417940098210642,0.7988104342557121,CSc1ccc(CCNC(=O)CCc2c(C)nc3ncnn3c2C)cc1
76,33802,1.338460590337218,0.002356404205289495,0.8011668384610016,CCCN1CCCC1Cn1nc(C)cc1C
77,141649,1.2695212597197147,0.0023155413531385613,0.8034823798141402,OC(=O)c1cc(F)c(N(CCI)CCI)c(F)c1
78,100045,1.3118316330330997,0.0022919896480893373,0.8057743694622295,CC(C)(C)C(=O)OCOC(=O)C(C)(C)C
79,320996,1.322675634606023,0.002281780986354284,0.8080561504485837,CCN1Cc2ccc(NC(=O)c3cccc(Br)c3)cc2C1
80,229015,1.2830316649610929,0.002260739154120329,0.810316889602704,Cc1cc(C)cc(NC(=S)N2CCN(CCO)CC2)c1
81,74741,1.3090449607273777,0.0021747981790759814,0.8124916877817799,CCOc1ccccc1NC(=O)CCn1cccc1
82,406531,1.2307924332390712,0.0021552423960474053,0.8146469301778273,CCOc1ncccc1C(=O)N(C)Cc1ncc(C)c(OC)c1C
83,56624,1.2978957738873522,0.002137670458611711,0.816784600636439,CC(C)CN(CC(C)C)c1ccc(C)cc1
84,401177,1.3550066861267709,0.0020849952110688166,0.8188695958475078,Cn1cccc1-c1nc2cc(NC(=O)CCCl)ccc2[nH]1
85,205280,1.2453413331691365,0.0020340081394927415,0.8209036039870006,COC(=O)c1sccc1NC(=O)CSCCc1ccncc1
86,227680,1.302894802223721,0.001998223256763093,0.8229018272437637,COCCNC(=O)c1cn(Cc2c(F)cccc2Cl)nn1
87,427564,1.279231423092452,0.0019660066809127634,0.8248678339246764,CCc1nn(C)c(C(=O)NCc2ccc(cc2)C(C)C)c1Cl
88,450979,1.318156038298133,0.001954316321005192,0.8268221502456816,Cc1cc(NC(=O)c2nc(ncc2Cl)N2CCCC2)ccc1Br
89,576092,1.2359738832737732,0.001899426642906568,0.8287215768885882,C(c1cn2ccsc2n1)c1nnc(N2CCOCC2)n1-c1ccccc1
90,423168,1.2720985142569696,0.0018732291556184607,0.8305948060442067,CC(C)COc1ccc(cc1)C(=O)NC(CC(C)C)C(O)=O
91,119,1.2971858378395362,0.0018434149960011054,0.8324382210402078,C1CCNC1
92,48274,1.272560776210737,0.0018162141173573155,0.8342544351575651,Cc1ccc(OCC(=O)NC2CC2)nc1
93,857530,1.3466327198486214,0.001784844736329923,0.836039279893895,CCOc1ccc(CNC(=O)c2cc3c(s2)-c2ccccc2N(C)C3=O)cc1
94,17281,1.2759525757704613,0.0017641607359387952,0.8378034406298338,Cc1cn2ncc(Br)c2nc1C
95,919887,1.3273171634468526,0.0017398867536523117,0.8395433273834861,Cc1ncc(C(=O)NC2C3CC4CC2CC(O)(C4)C3)c(n1)C(C)(C)C
96,208993,1.291179572469772,0.001728813316419169,0.8412721406999053,COc1ccc(CN(C)C2CSCCSC2)c2cccnc12
97,86927,1.3021791104787133,0.0017013320206418954,0.8429734727205472,CCCSCC(=O)N1CCCC(CO)(CCC)C1
98,563677,1.3057143035057817,0.0016693913048883933,0.8446428640254356,Cc1ccc(C(=O)NC23CC4CC(CC(C4)C2)C3)c(Cl)c1
99,397498,1.303418619343164,0.0016532397713877442,0.8462961037968234,Fc1cnc(nc1)N1CCCC2(CCN(CC3CC3)C2=O)C1
100,2947,1.292950184444726,0.0016245513572973476,0.8479206551541207,NC(=O)c1ccncc1
101,100750,1.3112285723609078,0.0016200958136935563,0.8495407509678143,CCCCCCOC(=O)CC1CC(=O)NC(=O)C1
102,37852,1.343832122179861,0.001568855592854282,0.8511096065606686,O=C(Cn1cccc1)NC1CCCCCC1
103,408337,1.300730969533778,0.0015563242318097567,0.8526659307924783,CC(C)=CCCC(C)=CCCC(C)=CCSc1ncccc1C(O)=O
104,13545,1.3265013329887223,0.0015053911751045953,0.8541713219675829,CC(C)ON=C1CN2CCC1C2
105,609768,1.2923372075951904,0.0014897842172360385,0.8556611061848189,CCOCc1nnc(-c2ccc(OCC)c(C)c2)n1-c1ccc(OC)nc1
106,21899,1.3171684942309827,0.0014597190682940793,0.8571208252531131,NNC(=O)c1cn2ccccc2n1
107,429,1.3208888816509616,0.0014419734490884913,0.8585627987022015,CCCCCCI
108,1576692,1.3118038773611282,0.0014146623473853901,0.8599774610495869,O=C1C(CCCC1=Cc1ccc(OCc2cc(OCc3cc(OCc4cc(OCc5ccc(cc5)-n5c6ccccc6c6ccccc56)cc(OCc5ccc(cc5)-n5c6ccccc6c6ccccc56)c4)cc(OCc4cc(OCc5ccc(cc5)-n5c6ccccc6c6ccccc56)cc(OCc5ccc(cc5)-n5c6ccccc6c6ccccc56)c4)c3)cc(OCc3cc(OCc4cc(OCc5ccc(cc5)-n5c6ccccc6c6ccccc56)cc(OCc5ccc(cc5)-n5c6ccccc6c6ccccc56)c4)cc(OCc4ccc(OCc5ccc(cc5)-n5c6ccccc6c6ccccc56)cc4OCc4ccc(cc4)-n4c5ccccc5c5ccccc45)c3)c2)cc1)=Cc1ccc(OCc2cc(OCc3cc(OCc4cc(OCc5ccc(cc5)-n5c6ccccc6c6ccccc56)cc(OCc5ccc(cc5)-n5c6ccccc6c6ccccc56)c4)cc(OCc4cc(OCc5ccc(cc5)-n5c6ccccc6c6ccccc56)cc(OCc5ccc(cc5)-n5c6ccccc6c6ccccc56)c4)c3)cc(OCc3cc(OCc4cc(OCc5ccc(cc5)-n5c6ccccc6c6ccccc56)cc(OCc5ccc(cc5)-n5c6ccccc6c6ccccc56)c4)cc(OCc4ccc(OCc5ccc(cc5)-n5c6ccccc6c6ccccc56)cc4OCc4ccc(cc4)-n4c5ccccc5c5ccccc45)c3)c2)cc1
109,360709,1.3403169345110666,0.0013896454056953201,0.8613671064552822,Cc1ccc2cccc(OCC(=O)NCCC3=CCCCC3)c2n1
110,89821,1.349879601472408,0.0013814836868541868,0.8627485901421365,CCc1nnc(NC(=O)c2cccnc2SC)s1
111,275,1.264766366476361,0.0013566741134971446,0.8641052642556336,CCn1ccnc1
112,51333,1.317843219470866,0.0013393008999155835,0.8654445651555492,COCCN(CCOC)C(=O)c1ccoc1C
113,1576818,1.3159368630395483,0.0013289707255023063,0.8667735358810515,NC1=Nc2c(ccn2C2OC(COP(S)(=O)OC3C(COP(S)(=O)OC4C(COP(S)(=O)OC5C(COP(S)(=O)OC6C(CO)OC(C6O)n6cnc7c(N)ncnc67)OC(C5O)n5cnc6c(N)ncnc56)OC(C4O)N4C=CC(=O)NC4=O)OC(C3O)N3C=CC(=O)NC3=O)C(OP(S)(=O)OCC3OC(C(O)C3OP(S)(=O)OCC3OC(C(O)C3OP(S)(=O)OCC3OC(C(O)C3OP(S)(=O)OCC3OC(C(O)C3OP(S)(=O)OCC3OC(C(O)C3OP(S)(=O)OCC3OC(C(O)C3OP(S)(=O)OCC(O)COP(S)(=O)OC3C(COP(S)(=O)OC4C(COP(S)(=O)OC5C(COP(S)(=O)OC6C(COP(S)(=O)OC7C(COP(S)(=O)OC8C(COP(S)(=O)OC9C(COP(S)(=O)OC%10C(COP(S)(=O)OC%11C(COP(S)(=O)OC%12C(COP(S)(=O)OC%13C(CO)OC(C%13O)n%13cnc%14c(N)ncnc%13%14)OC(C%12O)n%12cnc%13c(N)ncnc%12%13)OC(C%11O)N%11C=CC(=O)NC%11=O)OC(C%10O)N%10C=CC(=O)NC%10=O)OC(C9O)n9ccc%10c9NC(N)=NC%10=O)OC(C8O)n8cnc9c(N)ncnc89)OC(C7O)n7cnc8c(N)ncnc78)OC(C6O)n6ccc7c6NC(N)=NC7=O)OC(C5O)N5C=CC(N)=NC5=O)OC(C4O)N4C=CC(=O)NC4=O)OC(C3O)N3C=CC(=O)NC3=O)N3C=CC(=O)NC3=O)N3C=CC(=O)NC3=O)N3C=CC(N)=NC3=O)n3ccc4c3N=C(N)NC4=O)n3cnc4c(N)ncnc34)n3cnc4c(N)ncnc34)C2O)C(=O)N1
114,48134,1.3040833013629933,0.0012995629026781364,0.8680730987837297,OC(=O)CNC(=O)C1(CS)CCCC1
115,146676,1.2834249643527746,0.0012809841093680365,0.8693540828930978,CCc1cnc(NCCS(=O)(=O)CC(C)C)nc1
116,86,1.31814136843271,0.001272580377007902,0.8706266632701057,CCC=C
117,36668,1.3199210193083002,0.0012537745651955178,0.8718804378353012,CN(C)CCCN1CCC2(C1)CCSCC2
118,616577,1.3135196675505956,0.0012350172866758902,0.8731154551219771,O=C(CSCC1CC1)N1CCCC2(CCC(=O)N(CC3CC3)C2)C1
119,73904,1.305049805304412,0.0012210353650578447,0.8743364904870349,O=C(Oc1ccccc1)N1CCN2CCC1CC2
120,46462,1.3045178797670363,0.0012129066683954001,0.8755493971554302,O=C1CCCC(Nc2nnn[nH]2)=C1
121,265374,1.3247036092872195,0.0011993783275198754,0.8767487754829502,COc1ccc(OCCCNC(=O)NCc2csc(C)n2)cc1
122,146806,1.351816501960906,0.0011913147546740697,0.8779400902376242,COCCC1(CNC(=O)NC2CCCN(C)C2)CC1
123,388,1.3263317647670883,0.0011846306248178414,0.8791247208624421,NCC(F)F
124,14402,1.3257906685318228,0.0011528832357409105,0.880277604098183,C1COCCOCCOCCOCCOCCO1
125,529454,1.3566583855834968,0.001128056250225868,0.8814056603484088,CCCCN(C(=O)NC(=O)Nc1ccccc1OCC)S(C)(=O)=O
126,341,1.2760352312782897,0.0011201830788758597,0.8825258434272847,NC(=O)CF
127,7007,1.3224540696098814,0.0011068909266752941,0.88363273435396,OC[P+](CO)(CO)CO
128,20,1.3554159875436367,0.0010877130859362851,0.8847204474398962,NC#N
129,295980,1.3279381156702703,0.0010778938523264762,0.8857983412922227,Cc1cc(CCC(=O)NCc2ccc(F)cc2Cl)n(C)n1
130,491460,1.3346173963019048,0.001071271574012867,0.8868696128662356,COc1cc(NC(=O)CCCCCNS(N)(=O)=O)c2ncccc2c1
131,252921,1.2850715179142562,0.0010425229288073732,0.8879121357950429,O=C(NCc1nnc2CCCCn12)N1CCc2sccc2C1
132,1113,1.341247994377537,0.001033831758602045,0.888945967553645,C[S+](C)CCO
133,146,1.343962442930922,0.0010089040503942477,0.8899548716040392,C1CC1
134,13692,1.350965288011563,0.001002401827954086,0.8909572734319933,CS(=O)c1ccc2CCNCc2c1
135,461803,1.2912972114049925,0.0009916350008554325,0.8919489084328487,COCC(=O)NC1CN(Cc2c[nH]nc2-c2cccs2)CC1O
136,441983,1.3038868244863149,0.0009789356013872807,0.892927844034236,Cc1ccccc1OCC(=O)Nc1ccc(OCC(O)=O)c(F)c1
137,358395,1.3081441158635678,0.0009723138732684454,0.8939001579075044,CCN(CC)Cc1cnc2CCN(Cc3c(C)noc3C)CCn12
138,448659,1.3501207960190735,0.0009647140379285395,0.894864871945433,Cc1cc(NC(=O)CCCN2C(=O)c3cccnc3C2=O)no1
139,1477,1.2890859904637326,0.0009496595966202041,0.8958145315420531,CCCCCCCCCCCCO
140,711380,1.314405165481682,0.0009369455575203496,0.8967514770995735,CC1(C)C(C(=O)NCCC2CN(Cc3c[nH]cn3)CCO2)C1(C)C
141,521492,1.3348765341538864,0.0009259569117017226,0.8976774340112752,Fc1cccc(c1)C1(CNC(=O)N2CCC3(CCOC3)C2)CC1
142,14343,1.3450908527522016,0.0009039102496600747,0.8985813442609353,COC(=O)Nc1nc(CCO)cs1
143,3230,1.33990518497627,0.0009005637485413005,0.8994819080094766,CN(C)CC1CSSC1
144,242,1.3324377705317183,0.0008792284065156711,0.9003611364159922,BrCC=C
145,296453,1.3155634647950831,0.0008760141996164138,0.9012371506156086,COCCN1CCC2(CCC(=O)N2Cc2csc(C)n2)CC1
146,5616,1.3045411338609172,0.0008706058435050852,0.9021077564591137,CC1COCCN1C(S)=S
147,9684,1.326427254064565,0.0008579732519609399,0.9029657297110746,OC(=O)Cc1[nH]cnc1I
148,155,1.3490468879028168,0.0008486256044046073,0.9038143553154792,O=C=O
149,232,1.3074921696034072,0.0008385799546597633,0.9046529352701389,OC=CC=O
150,6154,1.3440576925423782,0.0008365659766422698,0.9054895012467812,Cc1nn(C)cc1C=NO
151,6631,1.3524622220028324,0.0008218925517347715,0.906311393798516,CCCC(CC=C)C(=O)OC
152,16483,1.3483952741503653,0.0008169210837098602,0.9071283148822259,CCCCc1nc(C)oc1C(C)C
153,1270,1.3320209659106592,0.0008057883341326509,0.9079341032163586,Clc1cnccn1
154,290801,1.3452656145652893,0.0007952046386554553,0.908729307855014,Cc1cc(sc1C)C(=O)NC1CN(CCO)CC1C1CC1
155,722714,1.32802958834037,0.0007851301966319452,0.909514438051646,Cc1cccc2sc(NC(=O)CN3CCCC4(CNC(=O)O4)CC3)nc12
156,148,1.3513997769916517,0.0007785414085404701,0.9102929794601865,C1CO1
157,85999,1.3201378112933637,0.0007741635229215891,0.9110671429831081,OCC1(CO)CC2(C1)CC(CO)(CO)C2
158,361704,1.3354779521499562,0.000759438145461364,0.9118265811285694,CCNc1n[n+]([O-])c2cc(F)ccc2[n+]1[O-]
159,545477,1.3162215627329639,0.0007535087198180917,0.9125800898483875,CCCCC(NC(=O)OC(C)(C)C)C(=O)C(=O)NCc1cccs1
160,910542,1.321271245735068,0.0007367128226542293,0.9133168026710416,Cc1cc(C(=O)Nc2ccc3nc(NC(=O)C4CCCCC4)sc3c2)c(C)n1C
161,1750,1.342788456799606,0.0007290119430989248,0.9140458146141406,COCOCCC#CCO
162,13507,1.3622085272835998,0.0007281001539640672,0.9147739147681047,OC(COc1ccccc1)CC#N
163,765238,1.3438393699907571,0.0007251786634046614,0.9154990934315094,COc1cccc(C(=O)OCC(=O)N2CCC(Cc3ccccc3)CC2)c1OC
164,265102,1.3089321144077473,0.0007117714475495797,0.9162108648790589,CN(Cc1ccccc1)CC(C)(C)NC(=O)c1cnns1
165,94,1.3563341455051363,0.0007058130737960146,0.9169166779528549,CSCCO
166,1413,1.355646025887395,0.0007011746348874533,0.9176178525877424,Cc1sccc1Br
167,622,1.3593615211816252,0.0006914072724253423,0.9183092598601678,FC1CCNC1
168,2,1.2999728128945216,0.0006879996025914261,0.9189972594627592,CO
169,67,1.3538950781966153,0.0006779103271789883,0.9196751697899382,Cn1ccnc1
170,1576869,1.3262189188775446,0.0006675173467809519,0.9203426871367192,CCC(C)C(NC(=O)C(CC(N)=O)NC(=O)C(C)(C)NC(C)=O)C(=O)NC(C(C)CC)C(=O)NC(C)(C)C(=O)N1CCCC1C(=O)NC(CC(C)C)C(=O)NC(CC(C)C)C(=O)NC(C)(C)C(=O)N1CCCC1C(=O)NC(C(C)CC)C(=O)NC(CSC1CC(=O)N(CCCCCC(=O)NCCCCCCOP(O)(=O)OCC2OC(CC2OP(O)(=S)OCC2OC(CC2OP(O)(=S)OCC2OC(CC2OP(O)(=S)OCC2OC(CC2OP(O)(=S)OCC2OC(CC2OP(O)(=S)OCC2OC(CC2OP(O)(=S)OCC2OC(CC2OP(O)(=S)OCC2OC(CC2OP(O)(=S)OCC2OC(CC2OP(O)(=S)OCC2OC(CC2OP(O)(=S)OCC2OC(CC2OP(O)(=S)OCC2OC(CC2OP(O)(=S)OCC2OC(CC2OP(O)(=S)OCC2OC(CC2OP(O)(=S)OCC2OC(CC2OP(O)(=S)OCC2OC(CC2OP(O)(=S)OCC2OC(CC2OP(O)(=S)OCC2OC(CC2OP(O)(=S)OCC2OC(CC2OP(O)(=S)OCC2OC(CC2O)n2cnc3c2N=C(N)NC3=O)n2cnc3c2N=C(N)NC3=O)n2cnc3c2N=C(N)NC3=O)n2cnc3c(N)ncnc23)N2C=CC(N)=NC2=O)n2cnc3c2N=C(N)NC3=O)n2cnc3c(N)ncnc23)n2cnc3c2N=C(N)NC3=O)n2cnc3c2N=C(N)NC3=O)n2cnc3c2N=C(N)NC3=O)n2cnc3c2N=C(N)NC3=O)n2cnc3c2N=C(N)NC3=O)n2cnc3c2NC(N)=NC3=O)n2cnc3c(N)ncnc23)N2C=CC(N)=NC2=O)N2C=CC(N)=NC2=O)n2cnc3c2NC(N)=NC3=O)n2cnc3c(N)ncnc23)n2cnc3c2NC(N)=NC3=O)n2cnc3c2NC(N)=NC3=O)C1=O)C(N)=O
171,5964,1.364570613728089,0.0006560422347331303,0.9209987293714523,Oc1cccc2nccnc12
172,5357,1.3745965304667864,0.0006485912747889592,0.9216473206462413,CN(CCO)c1cnccn1
173,74,1.340925295623956,0.0006440747611106838,0.922291395407352,CC(=O)NO
174,1570670,1.3664991951554546,0.0006430098343947917,0.9229344052417469,OC(=O)CN1CC23C4C5c6c7c8c9c(c%10c%11C%12C%13C%14=C%15c%16c%17C%18C%19C%20c%21c(C%14%18)c%13c(c4c%21c4c%20c%13c%14c%19c%17c%17c%18c%16c%16c%15c%12c%10c%10c%16c%12c%18c%15c%17c%14c%14c%13c(c54)c6c4c8c(c%12c9%10)c%15c%144)c2%11)C37C1C(O)=O
175,42,1.3473115217220908,0.0006369838377310854,0.9235713890794779,COCOC
176,12585,1.356110095231099,0.0006256972408971553,0.924197086320375,COc1nc2OCCc2c(C)n1
177,5942,1.3458823981491248,0.0006221265619852098,0.9248192128823602,OC(=O)c1nccnc1S
178,231102,1.3582938687836108,0.0006109604260265886,0.9254301733083868,CCc1ncc(CN2CCC(CCc3ccccc3)CC2)cn1
179,103798,1.332679713049775,0.0006049251662596488,0.9260350984746465,CCN(C1CCCCC1)C(=O)CSc1nnnn1C
180,273181,1.355222014495406,0.000599140438979775,0.9266342389136263,Cc1noc(C)c1CC(=O)NCc1ccc(C)c(F)c1F
181,70177,1.342947537034339,0.0005912898991716089,0.9272255288127979,CN(C)CCCNCCCNC(=O)c1ccccn1
182,231748,1.336765249593384,0.0005854598864325111,0.9278109886992304,CCn1c(C)nnc1CN(C)C1CCN(CC2CCC2)C1
183,569749,1.3313522141568337,0.0005749551440479866,0.9283859438432784,Cn1cccc1C(=O)N1CCCCC11CN(C(=O)C1)c1cccnc1
184,1098150,1.3280132772316173,0.0005708634246722709,0.9289568072679507,CCCCN(C1CCS(=O)(=O)C1)C(=O)COC(=O)c1nc2nc(C)cc(C)n2n1
185,299992,1.3453019928522965,0.0005701247473225658,0.9295269320152733,CN(CC(=O)Nc1ccc(F)cc1)CC(=O)N1CCCC1
186,91868,1.332824716668666,0.0005614202220590975,0.9300883522373323,CCC(=O)NCC(=O)Nc1ncc(I)cc1C
187,1576557,1.355172776774995,0.0005583798404823605,0.9306467320778147,CSCCc1nc(N)nc2n(CCC3CC(OP(O)(=O)OCC4OC(CC4OP(O)(=O)OCC4OC(CC4OP(O)(=O)OCC4OC(C(O)C4OP(O)(=O)OCC4OC(CC4OP(O)(=O)OCC4OC(C(O)C4OP(O)(=O)OCC4OC(C(O)C4OP(O)(=O)OCC4OC(CC4OP(O)(=O)OCC4OC(CC4OP(O)(=O)OCC4OC(CC4OP(O)(=O)OCC4OC(C(O)C4OP(O)(=O)OCC4OC(CC4OP(O)(O)=O)N4C=C(C)C(=O)NC4=O)N4C=CC(N)=NC4=O)N4C=C(C)C(=O)NC4=O)N4C=C(C)C(=O)NC4=O)N4C=C(C)C(=O)NC4=O)N4C=CC(N)=NC4=O)N4C=CC(N)=NC4=O)N4C=C(C)C(=O)NC4=O)N4C=CC(N)=NC4=O)N4C=C(C)C(=O)NC4=O)N4C=C(C)C(=O)NC4=O)C(COP(O)(=O)OC4CC(OC4COP(O)(=O)OC4CC(OC4COP(O)(=O)OC4CC(OC4COP(O)(=O)OC4C(CO)OC(C4O)N4C=CC(N)=NC4=O)N4C=C(C)C(=O)NC4=O)N4C=C(C)C(=O)NC4=O)N4C=C(C)C(=O)NC4=O)O3)cnc12
188,1564406,1.3580239612764011,0.0005484868788104988,0.9311952189566252,COC1CC(CC23c4c5c6c2c2c7c8c9c%10c(c%11c4c4c%12c5c5c%13c6c6c2c2c7c7c9c9c%14c%10c%10c%11c4c4c%11c%12c5c5c%12c%13c6c6c2c2c7c9c7c9c%14c%10c4c4c%11c5c5c%12c6c2c7c5c94)C138)=NOCC(O)=O
189,1187162,1.3275080830895025,0.0005475004023459002,0.931742719358971,Cc1cc([nH]n1)C(=O)N1CCc2c(C1)sc(NC(=O)c1ccc(Cl)cc1)c2C#N
190,644,1.3593937056043672,0.0005389867125717762,0.9322817060715428,CCCCCCBr
191,122480,1.3658797623923826,0.0005366275530577467,0.9328183336246005,CCCCOC(=O)c1cc(Cl)c(O)c(OC)c1
192,3033,1.345678630489324,0.0005265444007537318,0.9333448780253543,OCC(=O)N1CCCC1
193,58937,1.3485697753859087,0.000523620404566909,0.9338684984299211,CC(C)c1cc(NC(=O)N(C)C)no1
194,451050,1.3444539579637251,0.0005179504261738475,0.934386448856095,CCN(Cc1noc(n1)C1CCC1)C(=O)c1cn2ccsc2n1
195,208803,1.3594842452536615,0.0005127250940990405,0.9348991739501941,CS(=O)(=O)CCN1CCc2c(C1)ncn2C1CC1
196,569443,1.3440031569757072,0.0005110690741942581,0.9354102430243884,O=C(N1CCCC1c1ccc(s1)C(=O)N1CCSCC1)c1cscn1
197,510,1.3319546951017525,0.0005082219924121814,0.9359184650168005,OCC(Cl)Cl
198,61212,1.3519582901222142,0.0005013669963721602,0.9364198320131727,CCn1c(C)c2c(C)nnc(C)c2c1C
199,1552179,1.389069066460346,0.0004975049317262768,0.936917336944899,C[N+](C)(CC=CC[N+](C)(C)CC(=O)NCCC(F)(F)C(F)(F)C(F)(F)C(F)(F)C(F)(F)C(F)(F)F)CC(=O)NCCC(F)(F)C(F)(F)C(F)(F)C(F)(F)C(F)(F)C(F)(F)F
200,1251,1.3587996521934658,0.0004914255720970058,0.937408762516996,C1OC1C1CO1
201,179949,1.365227657807968,0.00048423181456998856,0.937892994331566,Cn1cc(CCNCc2cc3OCOc3c(Br)c2)cn1
202,240747,1.3329583587738925,0.0004781019813584271,0.9383710963129245,COCCN(Cc1sccc1C)C(=O)c1c(O)cccc1F
203,270768,1.3316602214996844,0.00047400488954309666,0.9388451012024676,Fc1ccccc1C1CCN(Cc2nc(CC3CC3)no2)C1
204,40772,1.3816042369211687,0.00046697632454032655,0.9393120775270078,CCN1CCc2c(C1)sc(N)c2C#N
205,50,1.3281606079246915,0.00046333514435655296,0.9397754126713644,NCCO
206,50,1.3563993561592205,0.00045912012307584507,0.9402345327944402,NCCO
207,643,1.3654900996527695,0.0004554533388110679,0.9406899861332513,BrCCCCBr
208,302183,1.3557368096484288,0.0004535362599486514,0.9411435223932,CCc1nn(C)c(Cl)c1CN(CCOC)Cc1cnn(C)c1
209,1576869,1.334919551046815,0.0004506278499702984,0.9415941502431703,CCC(C)C(NC(=O)C(CC(N)=O)NC(=O)C(C)(C)NC(C)=O)C(=O)NC(C(C)CC)C(=O)NC(C)(C)C(=O)N1CCCC1C(=O)NC(CC(C)C)C(=O)NC(CC(C)C)C(=O)NC(C)(C)C(=O)N1CCCC1C(=O)NC(C(C)CC)C(=O)NC(CSC1CC(=O)N(CCCCCC(=O)NCCCCCCOP(O)(=O)OCC2OC(CC2OP(O)(=S)OCC2OC(CC2OP(O)(=S)OCC2OC(CC2OP(O)(=S)OCC2OC(CC2OP(O)(=S)OCC2OC(CC2OP(O)(=S)OCC2OC(CC2OP(O)(=S)OCC2OC(CC2OP(O)(=S)OCC2OC(CC2OP(O)(=S)OCC2OC(CC2OP(O)(=S)OCC2OC(CC2OP(O)(=S)OCC2OC(CC2OP(O)(=S)OCC2OC(CC2OP(O)(=S)OCC2OC(CC2OP(O)(=S)OCC2OC(CC2OP(O)(=S)OCC2OC(CC2OP(O)(=S)OCC2OC(CC2OP(O)(=S)OCC2OC(CC2OP(O)(=S)OCC2OC(CC2OP(O)(=S)OCC2OC(CC2OP(O)(=S)OCC2OC(CC2O)n2cnc3c2N=C(N)NC3=O)n2cnc3c2N=C(N)NC3=O)n2cnc3c2N=C(N)NC3=O)n2cnc3c(N)ncnc23)N2C=CC(N)=NC2=O)n2cnc3c2N=C(N)NC3=O)n2cnc3c(N)ncnc23)n2cnc3c2N=C(N)NC3=O)n2cnc3c2N=C(N)NC3=O)n2cnc3c2N=C(N)NC3=O)n2cnc3c2N=C(N)NC3=O)n2cnc3c2N=C(N)NC3=O)n2cnc3c2NC(N)=NC3=O)n2cnc3c(N)ncnc23)N2C=CC(N)=NC2=O)N2C=CC(N)=NC2=O)n2cnc3c2NC(N)=NC3=O)n2cnc3c(N)ncnc23)n2cnc3c2NC(N)=NC3=O)n2cnc3c2NC(N)=NC3=O)C1=O)C(N)=O
210,497611,1.359386481554565,0.0004425858048824283,0.9420367360480527,Cc1nnc(O)c(C(=O)N2CCN(CCc3cccs3)CC2)c1C
211,986,1.37593992879248,0.0004392253280646932,0.9424759613761174,Oc1ccccc1F
212,102,1.3755570265476686,0.0004367461230772258,0.9429127074991946,CCON
213,54360,1.349011518813902,0.0004309267492837511,0.9433436342484784,CCN=C(CN(=O)=O)NCC1CCOC1
214,4466,1.3760578630903524,0.00042584333258913854,0.9437694775810676,NCCc1nc[nH]c1I
215,1303577,1.3771200125863587,0.00042121500523729824,0.9441906925863048,O=C(CN1C(=O)CCC1=O)Nc1ccc(Cc2ccc(NC(=O)CN3C(=O)CCC3=O)cc2)cc1
216,210,1.3372063177639895,0.0004141960396319847,0.9446048886259368,CCCCCBr
217,1570438,1.3734292340510947,0.00041267152483524566,0.9450175601507721,CC(C)(C)c1cc2Cc3cc(cc(Cc4cc(cc(Cc5cc(cc(Cc6cc(cc(Cc7cc(cc(Cc8cc(cc(Cc9cc(cc(Cc(c1)c2OCC(O)=O)c9OCC(O)=O)C(C)(C)C)c8OCC(O)=O)C(C)(C)C)c7OCC(O)=O)C(C)(C)C)c6OCC(O)=O)C(C)(C)C)c5OCC(O)=O)C(C)(C)C)c4OCC(O)=O)C(C)(C)C)c3OCC(O)=O)C(C)(C)C
218,96,1.3598155109907069,0.00040767220597046777,0.9454252323567426,ClCBr
219,422104,1.3734524118220497,0.00040279046375194666,0.9458280228204945,O=C(C1CCC=CC1)N1CCN(CC1)C(=O)C1CCC=CC1
220,645758,1.3564387604685808,0.0003993923526312599,0.9462274151731258,COc1ccc(C)c2CCCN(C(=O)c3ccc4nnc(C)n4c3)c12
221,1576692,1.3488372047588262,0.0003963680338315909,0.9466237832069574,O=C1C(CCCC1=Cc1ccc(OCc2cc(OCc3cc(OCc4cc(OCc5ccc(cc5)-n5c6ccccc6c6ccccc56)cc(OCc5ccc(cc5)-n5c6ccccc6c6ccccc56)c4)cc(OCc4cc(OCc5ccc(cc5)-n5c6ccccc6c6ccccc56)cc(OCc5ccc(cc5)-n5c6ccccc6c6ccccc56)c4)c3)cc(OCc3cc(OCc4cc(OCc5ccc(cc5)-n5c6ccccc6c6ccccc56)cc(OCc5ccc(cc5)-n5c6ccccc6c6ccccc56)c4)cc(OCc4ccc(OCc5ccc(cc5)-n5c6ccccc6c6ccccc56)cc4OCc4ccc(cc4)-n4c5ccccc5c5ccccc45)c3)c2)cc1)=Cc1ccc(OCc2cc(OCc3cc(OCc4cc(OCc5ccc(cc5)-n5c6ccccc6c6ccccc56)cc(OCc5ccc(cc5)-n5c6ccccc6c6ccccc56)c4)cc(OCc4cc(OCc5ccc(cc5)-n5c6ccccc6c6ccccc56)cc(OCc5ccc(cc5)-n5c6ccccc6c6ccccc56)c4)c3)cc(OCc3cc(OCc4cc(OCc5ccc(cc5)-n5c6ccccc6c6ccccc56)cc(OCc5ccc(cc5)-n5c6ccccc6c6ccccc56)c4)cc(OCc4ccc(OCc5ccc(cc5)-n5c6ccccc6c6ccccc56)cc4OCc4ccc(cc4)-n4c5ccccc5c5ccccc45)c3)c2)cc1
222,534018,1.3291446348218792,0.000392558974574419,0.9470163421815319,COc1ccccc1C1(O)CCCN(C1)C(=O)c1cnc(SC)nc1
223,522111,1.3348915037459288,0.00039131237726896455,0.9474076545588008,CC(C)c1cnc(CN(C)C2CCN(CCc3cnn(C)c3)C2)o1
224,770,1.3243411277406212,0.0003850239117321751,0.9477926784705331,CCCCCCCCBr
225,39288,1.3755929770998883,0.0003817605683187332,0.9481744390388518,CCc1nc(CN(C)CC(N)=O)cs1
226,4505,1.3797091713109755,0.0003800154659776777,0.9485544545048294,OCc1nnn2CCCc12
227,12,1.3656123262066497,0.00037645471256849387,0.948930909217398,CC
228,3057,1.3760889246080392,0.00037449045079139635,0.9493053996681894,CC(C)Cc1nccs1
229,521887,1.373539248047882,0.00037070579422255435,0.949676105462412,O=C(Cc1ccsc1)N1CCC2(C1)CCCN(CC1CCOCC1)C2
230,38057,1.328914053348395,0.000369238271283497,0.9500453437336955,CCN(CC)C(=O)NC1CCCCCCC1
231,265,1.327886146426427,0.000366386087174137,0.9504117298208696,N=[N]#N
232,515982,1.3319686415300653,0.00036273191792118647,0.9507744617387908,CCc1nnc(NC(=O)CSc2nnc(-c3ccco3)n2CCOC)s1
233,76,1.35658530363768,0.00035891118325169746,0.9511333729220425,CCCCCF
234,692,1.3708078919236293,0.0003563558979483769,0.9514897288199908,S=C1SSC=C1
235,2544,1.3586853579613145,0.00035069456141259905,0.9518404233814034,C1CC2CCC1CN2
236,533790,1.3289150709233661,0.00034912391824296166,0.9521895472996463,Cc1nc(CN2CCC3(CN(C3)C(=O)c3conc3C)C2)cs1
237,587604,1.323723327610291,0.0003459746394931853,0.9525355219391395,CCOC(=O)N1CCC(CC1)NC(=O)c1oc2c(F)cccc2c1C
238,59,1.3682064655880621,0.00034482708602927384,0.9528803490251687,OCCS
239,411300,1.3691261280553344,0.00034137861153968156,0.9532217276367084,CCc1cc(CNC(=O)N2Cc3ccccc3N(C)CC2C)on1
240,339,1.3457139957250108,0.00033975128862873447,0.9535614789253372,CCCCCCCl
241,8983,1.367290836264772,0.0003339903766489936,0.9538954693019861,OCCCCCCCCCCCCCCCCO
242,282962,1.3600299055989726,0.0003311641770803685,0.9542266334790664,O=C(CC1CC1)N1CCn2cc(Cn3cncn3)nc2C1
243,1552200,1.357159058284541,0.00032819477849269996,0.9545548282575591,CCCc1cc2Cc3cc(CC(C)C)cc(Cc4cc(CCC)cc(Cc5cc(CC(C)C)cc(Cc(c1)c2OCC(=O)NCCN(C)C)c5OCC(=O)NCCN(C)C)c4OCC(=O)NCCN(C)C)c3OCC(=O)NCCN(C)C
244,2267,1.3514413772265685,0.00032517225109729507,0.9548800005086564,N#CCN1CCOCC1
245,26,1.3825202933841902,0.00032277294052550717,0.9552027734491819,C=C
246,342442,1.3626369656806263,0.0003220671058462502,0.9555248405550282,CC(C)C1CN(CCS1)C(=O)Nc1cnn(CC(F)F)c1
247,1267,1.3606360459738136,0.00032005080132584867,0.955844891356354,CC=C(Cl)Cl
248,1560338,1.3618603601385235,0.00031620254547765634,0.9561610939018317,Cn1ccnc1C(=O)Nc1cc(C(=O)Nc2cc(C(=O)Nc3cc(C(=O)NCCC(N)C(=O)Nc4cn(C)c(n4)C(=O)Nc4cc(C(=O)Nc5cc(C(=O)Nc6cc(C(=O)NCCCON)n(C)c6)n(C)c5)n(C)c4)n(C)c3)n(C)c2)n(C)c1
249,384,1.3735555420161165,0.00031607797858131093,0.956477171880413,OC(=O)CF
250,94,1.3517187913490498,0.0003110402741029386,0.9567882121545159,CSCCO
251,1405,1.3716853662301458,0.0003106078710810225,0.957098820025597,Cc1cccnc1C
252,151933,1.3545600441141308,0.0003065531408621641,0.9574053731664591,Cc1occc1C(=O)Nc1c(F)cc(F)cc1Br
253,848,1.374906437459848,0.00030523271620057027,0.9577106058826597,OCCn1ccnc1
254,146861,1.3478530208133777,0.00030433084895833355,0.958014936731618,CCC(CC)CNCC1(CCOCC1)S(C)(=O)=O
255,360958,1.3560277519473256,0.00030032134439421544,0.9583152580760121,O=C(NCCN1CCCOC1=O)C(=O)NCCN1CCCOC1=O
256,11526,1.3682062329363895,0.0002971806840355527,0.9586124387600476,Nc1ccc(Cn2ccnc2)cc1
257,112517,1.3484986332320341,0.00029441008489931777,0.9589068488449469,O=C(Nc1ccon1)c1cc2CCCCCCc2s1
258,159041,1.355401363542772,0.00028999295892658976,0.9591968418038735,CCC(CC)C(=O)N1CCN(C)c2ncccc2C1
259,533999,1.327611128380581,0.0002892573011705116,0.959486099105044,Cc1nn(CCNC(=O)c2cc([nH]n2)C2CC2)c(C)c1Cl
260,492701,1.3422889933799111,0.00028693921155174856,0.9597730383165958,Fc1ccccc1C1(CCCC1)C(=O)OCC(=O)N1CCNC1=O
261,1028,1.3441180562381163,0.00028483466009234003,0.9600578729766881,NC1CCCC1O
262,158,1.3822933224688165,0.00028201366561483117,0.960339886642303,NCCBr
263,475837,1.3556355377233926,0.00028088368339552203,0.9606207703256985,Cc1ncc(CNCCCNC(=O)c2cc(on2)-c2ccccc2)o1
264,1681,1.3745975383122235,0.0002790057436702531,0.9608997760693687,ClCC(=O)CCl
265,148,1.3648926922833693,0.00027545617103015785,0.9611752322403989,C1CO1
266,8983,1.3623054435771507,0.0002722565108150499,0.961447488751214,OCCCCCCCCCCCCCCCCO
267,808,1.3704804935757218,0.0002704961583141891,0.9617179849095282,Brc1ccncc1
268,131,1.362545889780521,0.00026994514778370796,0.9619879300573119,C1CNCCN1
269,14994,1.3711466159690606,0.0002683830992492371,0.9622563131565611,CC(=O)NCCCCCCNC(C)=O
270,71694,1.3380505508720881,0.00026577735688691507,0.9625220905134481,CC(=O)NCC1CCC(CNC(C)=O)CC1
271,487347,1.3499016071686283,0.0002626726531713208,0.9627847631666194,Clc1cccc2n(CC(=O)N3CCC4(CC3)OCCO4)ccc12
272,100,1.3774590641246576,0.0002607059720010279,0.9630454691386204,OCCBr
273,265,1.368162824091642,0.00025829597960103063,0.9633037651182215,N=[N]#N
274,1332,1.3730908576014993,0.00025654663815986704,0.9635603117563813,C1CCCNCCC1
275,1567230,1.3972355563058003,0.00025503381000984695,0.9638153455663911,COCCOCCOCCN1CC23C4C5c6c7c8C9C%10c%11c%12c8c8c6c6c5c5c%13c4c4c%14C%15C%16c%17c%18c%19c%15c%15c%14c%13c%13c5c5c6c6c8c%12c8c%12c%11c(c%10c%17c(=C9C27C1)c%16c34)c%18c1c%19c2c%15c%13c3c5c6c8c(c%121)c23
276,2280,1.3875324439126595,0.0002529034084954986,0.9640682489748866,COCCOCCOCCOC
277,664,1.3834116288619007,0.0002525573756005128,0.9643208063504871,Cc1nccnc1C
278,127,1.374792116896699,0.00024819860128534686,0.9645690049517724,CCCCBr
279,926,1.3743236979305733,0.0002468073509690963,0.9648158123027415,CCC(CC)CO
280,25051,1.3661295559841253,0.0002442551121688727,0.9650600674149103,O=C([CH-][N+]#N)OCC#C
281,1290,1.382412758313599,0.0002440233654311641,0.9653040907803415,NC(=O)CC#N
282,99,1.3821162075015387,0.0002403450702701587,0.9655444358506117,OCCCO
283,312973,1.3506360349218052,0.00023728292974620197,0.9657817187803579,CN(C)c1ccc(CNC(=O)CCn2cc(C)cn2)cc1C
284,159,1.3744442923300344,0.00023608016127306004,0.966017798941631,ClC=C
285,5145,1.3682936724112904,0.00023350574085678,0.9662513046824878,NC(=O)CCN1CCOCC1
286,357,1.354581199834439,0.0002329141482933139,0.9664842188307811,CCCCOCCO
287,93761,1.3560483629303068,0.00023152991852912834,0.9667157487493102,CNC(=O)COC(=O)c1cc2CCCCc2s1
288,1197,1.3800629442653325,0.00022937243703392423,0.9669451211863441,CNC(=O)CCl
289,1477,1.397280224045196,0.00022716346779933001,0.9671722846541435,CCCCCCCCCCCCO
290,1576692,1.3655552574092424,0.00022657407056029144,0.9673988587247038,O=C1C(CCCC1=Cc1ccc(OCc2cc(OCc3cc(OCc4cc(OCc5ccc(cc5)-n5c6ccccc6c6ccccc56)cc(OCc5ccc(cc5)-n5c6ccccc6c6ccccc56)c4)cc(OCc4cc(OCc5ccc(cc5)-n5c6ccccc6c6ccccc56)cc(OCc5ccc(cc5)-n5c6ccccc6c6ccccc56)c4)c3)cc(OCc3cc(OCc4cc(OCc5ccc(cc5)-n5c6ccccc6c6ccccc56)cc(OCc5ccc(cc5)-n5c6ccccc6c6ccccc56)c4)cc(OCc4ccc(OCc5ccc(cc5)-n5c6ccccc6c6ccccc56)cc4OCc4ccc(cc4)-n4c5ccccc5c5ccccc45)c3)c2)cc1)=Cc1ccc(OCc2cc(OCc3cc(OCc4cc(OCc5ccc(cc5)-n5c6ccccc6c6ccccc56)cc(OCc5ccc(cc5)-n5c6ccccc6c6ccccc56)c4)cc(OCc4cc(OCc5ccc(cc5)-n5c6ccccc6c6ccccc56)cc(OCc5ccc(cc5)-n5c6ccccc6c6ccccc56)c4)c3)cc(OCc3cc(OCc4cc(OCc5ccc(cc5)-n5c6ccccc6c6ccccc56)cc(OCc5ccc(cc5)-n5c6ccccc6c6ccccc56)c4)cc(OCc4ccc(OCc5ccc(cc5)-n5c6ccccc6c6ccccc56)cc4OCc4ccc(cc4)-n4c5ccccc5c5ccccc45)c3)c2)cc1
291,83,1.3749789537027062,0.00022605393329265636,0.9676249126579964,N=C=N
292,30,1.3800357200894031,0.00022343458644834312,0.9678483472444448,CCC
293,14994,1.3454238518101138,0.00021873506455106188,0.9680670823089959,CC(=O)NCCCCCCNC(C)=O
294,30,1.387417399042584,0.00021808427058003346,0.9682851665795759,CCC
295,1759,1.363558974541701,0.00021672259154279945,0.9685018891711187,CNC(=O)CC#N
296,429995,1.3840148045290024,0.00021580047333962494,0.9687176896444583,CC(C)Cc1cc(NC(=O)c2cc(Cl)c[nH]2)n(C)n1
297,1576894,1.3801807305241,0.0002138166841300841,0.9689315063285884,CN(C)P(=O)(OCC1CN(CC(O1)N1C=C(C)C(=O)NC1=O)P(=O)(OCC1CN(CC(O1)N1C=CC(N)=NC1=O)P(=O)(OCC1CN(CC(O1)n1cnc2c1NC(N)=NC2=O)P(=O)(OCC1CN(CC(O1)n1cnc2c(N)ncnc12)P(=O)(OCC1CN(CC(O1)N1C=CC(N)=NC1=O)P(=O)(OCC1CN(CC(O1)N1C=C(C)C(=O)NC1=O)P(=O)(OCC1CN(CC(O1)n1cnc2c1NC(N)=NC2=O)P(=O)(OCC1CN(CC(O1)n1cnc2c(N)ncnc12)P(=O)(OCC1CN(CC(O1)n1cnc2c1N=C(N)NC2=O)P(=O)(OCC1CN(CC(O1)n1cnc2c1N=C(N)NC2=O)P(=O)(OCC1CN(CC(O1)N1C=C(C)C(=O)NC1=O)P(=O)(OCC1CN(CC(O1)n1cnc2c(N)ncnc12)P(=O)(OCC1CN(CC(O1)n1cnc2c1N=C(N)NC2=O)P(=O)(OCC1CN(CC(O1)n1cnc2c1N=C(N)NC2=O)P(=O)(OCC1CN(CC(O1)n1cnc2c1N=C(N)NC2=O)P(=O)(OCC1CN(CC(O1)N1C=C(C)C(=O)NC1=O)P(=O)(OCC1CN(CC(O1)N1C=C(C)C(=O)NC1=O)P(=O)(OCC1CN(CC(O1)n1cnc2c(N)ncnc12)P(=O)(OCC1CN(CC(O1)N1C=CC(N)=NC1=O)P(=O)(OCC1CN(CC(O1)N1C=C(C)C(=O)NC1=O)P(=O)(OCC1CNCC(O1)n1cnc2c(N)ncnc12)N(C)C)N(C)C)N(C)C)N(C)C)N(C)C)N(C)C)N(C)C)N(C)C)N(C)C)N(C)C)N(C)C)N(C)C)N(C)C)N(C)C)N(C)C)N(C)C)N(C)C)N(C)C)N(C)C)N(C)C)N1CCN(CC1)C(=O)CCNC(=O)CCCCCNC(=O)C(CCCNC(N)=N)NC(=O)CCCCCNC(=O)C(CCCNC(N)=N)NC(=O)C(CCCNC(N)=N)NC(=O)CCCCCNC(=O)C(CCCNC(N)=N)NC(=O)C(CCCNC(N)=N)NC(=O)CCCCCNC(=O)C(CCCNC(N)=N)NC(=O)C(CCCNC(N)=N)NC(=O)CCCCCNC(=O)C(N)CCCNC(N)=N
298,397120,1.3512561109999737,0.00021291153389092887,0.9691444178624793,CC(C)N1CCC(CNC(=O)c2cnc3onc(C)c3c2)C1
299,1394,1.3697851248372237,0.00021058707403039378,0.9693550049365097,CC1CCCCC1O
300,313196,1.3743277426060567,0.00021025640264503564,0.9695652613391548,COc1cc(I)c(Cl)cc1C(=O)N(C)CC(C)(C)O
301,214,1.3686672543923362,0.00020818643323212968,0.9697734477723869,CNCCCNC
302,45,1.356156667494936,0.00020699914661249195,0.9699804469189994,CCOCC
303,212,1.3881017576014683,0.00020422082029556438,0.970184667739295,ClCCCCl
304,14994,1.3646488474389225,0.00020367951625222702,0.9703883472555472,CC(=O)NCCCCCCNC(C)=O
305,962,1.36989318449111,0.00020233644862089841,0.9705906837041681,SCc1ccco1
306,7898,1.3518851486358248,0.0002017299273993455,0.9707924136315674,COc1cc2ccccc2nn1
307,451001,1.3691120567346668,0.00019839285551542086,0.9709908064870828,CN(Cc1ncnn1C)C(=O)CCCn1ccc2cc(Cl)ccc12
308,412,1.3757708750134636,0.00019677853840607487,0.9711875850254889,OCCCCCl
309,23919,1.3805278783212405,0.0001959899744286436,0.9713835749999175,CC(=O)NCCNCCc1c[nH]cn1
310,70841,1.347392368440154,0.0001951032819406132,0.9715786782818581,CCN(CCO)Cc1csc2cccc(Br)c12
311,429,1.3947764389583563,0.00019297827291081318,0.9717716565547688,CCCCCCI
312,585,1.382908520729623,0.0001908312059279022,0.9719624877606967,CC(O)C#N
313,533526,1.3846831841219047,0.00018882221800708317,0.9721513099787038,Cc1occc1C(=O)NCC(=O)N1CCC(COc2ccccc2)CC1
314,149,1.3758408749658255,0.00018668968429280097,0.9723379996629966,C=CC=C
315,83,1.3879081540932374,0.00018584017052223847,0.9725238398335189,N=C=N
316,163,1.3885663275659392,0.00018507311741723233,0.9727089129509361,COCCl
317,313250,1.3963061494213003,0.00018392647562398478,0.97289283942656,CN(C)C(C)(C)CNC(=O)C(C)(C)c1ccccc1F
318,403,1.3938513037106475,0.00018207681151334815,0.9730749162380734,FCCCCCF
319,32,1.3843798776688025,0.00018055147147332383,0.9732554677095467,CNO
320,76237,1.3811178597778482,0.00018026054038561455,0.9734357282499324,CCn1nc(C)c(NC(=O)C(C)C)c1C
321,200316,1.3655312337054721,0.00017894850461523134,0.9736146767545476,CCOCCC1(CNC(=O)c2ccc(C)nc2)CCCC1
322,9007,1.3489237900998314,0.00017679326428177638,0.9737914700188294,COCCOCCOCCOCCOCCO
323,119,1.3844925811491322,0.00017612987507485946,0.9739675998939042,C1CCNC1
324,397,1.3865388466506108,0.00017459208671125338,0.9741421919806155,ClCCC#N
325,578662,1.352796754857383,0.00017305553156599375,0.9743152475121815,CCOC(CCNC(=O)c1cc2c(s1)-c1ccccc1NC2=O)OCC
326,1001,1.4007127545537654,0.00017197657898951267,0.974487224091171,[C-]#[O+]
327,88,1.3934194522273193,0.0001699442008653892,0.9746571682920363,CC#CC
328,155,1.3668305505128313,0.00016948018240667094,0.974826648474443,O=C=O
329,148,1.3986195734637537,0.0001684690543057523,0.9749951175287488,C1CO1
330,416,1.3702929223651268,0.0001670969010935744,0.9751622144298424,CCCOC=O
331,1538620,1.3769433913827125,0.00016592353035263312,0.975328137960195,COC(=O)CN1Cc2cc(C)cc(CN(CC(=O)OC)Cc3cc(C)cc(CN(CC(=O)OC)Cc4cc(C)cc(CN(CC(=O)OC)Cc5cc(C)cc(C1)c5O)c4O)c3O)c2O
332,461344,1.3596748057918528,0.00016463525621290096,0.9754927732164079,Cc1nccc(NC2CN(CCS(C)(=O)=O)CC2C2CC2)n1
333,325029,1.3618387929070201,0.00016382610715879554,0.9756565993235667,CCOC(CNC(=O)CCc1c(C)nc2ncnn2c1C)OCC
334,4547,1.408437550548625,0.0001625789136687706,0.9758191782372355,Cc1cc(O)cnc1Cl
335,469719,1.385939861202238,0.0001617749390926339,0.9759809531763282,CC(C)(CNC(=O)CCC1CCCC1)CNC(=O)CCC1CCCC1
336,9297,1.3781548115826283,0.0001604412070632185,0.9761413943833914,CCCCCCCCCCCCCCCBr
337,98,1.4110023804766958,0.00015828412700425723,0.9762996785103957,COCCO
338,540,1.3774363659093518,0.00015808330491100264,0.9764577618153066,NCc1ccsc1
339,27042,1.389222570063615,0.00015700895970572888,0.9766147707750124,CCC(=O)Nc1ccc(F)cc1OC
340,354,1.3606013941062287,0.00015602492790201228,0.9767707957029144,C1COCCN1
341,1288,1.3754945124605207,0.0001551485028330498,0.9769259442057474,N#CCCCCC#N
342,96,1.390667663801119,0.00015401259821720426,0.9770799568039646,ClCBr
343,152,1.3698981483376094,0.00015357110139217734,0.9772335279053568,NCCCl
344,87,1.3484933647718689,0.00015195406465404575,0.9773854819700108,CCSCC
345,254,1.4084747681399228,0.00015109697418285272,0.9775365789441937,C1CNC1
346,876,1.3713327088448812,0.0001505424187680718,0.9776871213629618,[C-]#[O+]
347,1681,1.3707830003727934,0.00014925274789949242,0.9778363741108612,ClCC(=O)CCl
348,147245,1.3530264183145109,0.00014787448436139324,0.9779842485952226,CC(=O)N1CCC2(CN(CC3CCCC3)C2)C1
349,5,1.3951843451905304,0.00014718076490075703,0.9781314293601233,CN
350,152,1.3693120318582128,0.00014664135314469364,0.978278070713268,NCCCl
351,910542,1.3426566354874492,0.000146245145604423,0.9784243158588725,Cc1cc(C(=O)Nc2ccc3nc(NC(=O)C4CCCCC4)sc3c2)c(C)n1C
352,1576801,1.4177053706151002,0.00014544805154238495,0.9785697639104148,CC1=CN(C2CC(O)C(COP(O)(=S)OC3CC(OC3COP(O)(=S)OC3CC(OC3COP(O)(=S)OC3CC(OC3COP(O)(=S)OC3CC(OC3COP(O)(=S)OC3CC(OC3COP(O)(=S)OC3CC(OC3COP(O)(=S)OC3CC(OC3COP(O)(=S)OC3CC(OC3COP(O)(=S)OC3CC(OC3COP(O)(=S)OC3CC(OC3COP(O)(=S)OC3CC(OC3COP(O)(=S)OC3CC(OC3COP(O)(=S)OC3CC(OC3COP(O)(=S)OC3CC(OC3COP(O)(=S)OC3CC(OC3COP(O)(=S)OC3CC(OC3COP(O)(=S)OC3CC(OC3COP(O)(=S)OC3CC(OC3COP(O)(=S)OC3CC(OC3COP(O)(=S)OC3CC(OC3COP(O)(=S)OC3CC(OC3COP(O)(=S)OC3CC(OC3COP(O)(=S)OC3CC(OC3CO)N3C=C(C)C(=O)NC3=O)N3C=CC(N)=NC3=O)n3cnc4c3N=C(N)NC4=O)N3C=C(C)C(=O)NC3=O)N3C=CC(N)=NC3=O)N3C(N)=NC4NC=NC4C3=O)N3C=C(C)C(=O)NC3=O)N3C=C(C)C(=O)NC3=O)N3C=C(C)C(=O)NC3=O)N3C=C(C)C(=O)NC3=O)N3C=NC4C3N=C(N)NC4=O)N3C=C(C)C(=O)NC3=O)N3C=CC(N)=NC3=O)N3C=NC4C3N=C(N)NC4=O)N3C=C(C)C(=O)NC3=O)N3C=C(C)C(=O)NC3=O)N3C=C(C)C(=O)NC3=O)N3C=C(C)C(=O)NC3=O)n3cnc4c3NC(N)=NC4=O)N3C=C(C)C(=O)NC3=O)N3C=CC(N)=NC3=O)N3C=NC4C3N=C(N)NC4=O)N3C=C(C)C(=O)NC3=O)O2)C(=O)NC1=O
353,242,1.3762367295246993,0.00014350335232927972,0.9787132672627441,BrCC=C
354,2316,1.383828001504135,0.00014262790418627836,0.9788558951669304,CCOCCOCCOCCO
355,418,1.3793567219240197,0.0001417605203668313,0.9789976556872972,NCCOCCO
356,7466,1.4010475357804626,0.00014063503149606925,0.9791382907187933,c1n[nH]c2nncnc12
357,1245,1.3939380848775187,0.00013952969643374975,0.979277820415227,OCCOCCOCCO
358,1435,1.3997225332361625,0.00013827273512134194,0.9794160931503484,ICCC1COCCO1
359,750,1.3799214445616745,0.0001373203355132541,0.9795534134858617,C[S+](C)C
360,35524,1.3813247370039161,0.00013598687451323393,0.9796894003603749,CC(C)CC12CC(C)(OO1)OO2
361,926211,1.3492336315067124,0.00013520349210699716,0.9798246038524819,FC(F)(F)C(F)(F)C(F)(F)CNC(=O)c1cccc(Cc2nn[nH]n2)c1
362,179,1.3901698333922914,0.0001345150877697127,0.9799591189402517,c1ncncn1
363,1167,1.37942331341098,0.00013410527699908847,0.9800932242172508,Cc1ncc[nH]1
364,88,1.369906134435622,0.00013327991581588557,0.9802265041330667,CC#CC
365,1576546,1.3704894909036953,0.00013187043567535657,0.980358374568742,CN(CP(O)(O)=O)C(c1ccc(OP(=S)(Oc2ccc(cc2)C(N(C)CP(O)(O)=O)P(O)(O)=O)N(C)N=Cc2ccc(OP3(Oc4ccc(C=NN(C)P(=S)(Oc5ccc(cc5)C(N(C)CP(O)(O)=O)P(O)(O)=O)Oc5ccc(cc5)C(N(C)CP(O)(O)=O)P(O)(O)=O)cc4)=NP(Oc4ccc(C=NN(C)P(=S)(Oc5ccc(cc5)C(N(C)CP(O)(O)=O)P(O)(O)=O)Oc5ccc(cc5)C(N(C)CP(O)(O)=O)P(O)(O)=O)cc4)(Oc4ccc(C=NN(C)P(=S)(Oc5ccc(cc5)C(N(C)CP(O)(O)=O)P(O)(O)=O)Oc5ccc(cc5)C(N(C)CP(O)(O)=O)P(O)(O)=O)cc4)=NP(Oc4ccc(C=NN(C)P(=S)(Oc5ccc(cc5)C(N(C)CP(O)(O)=O)P(O)(O)=O)Oc5ccc(cc5)C(N(C)CP(O)(O)=O)P(O)(O)=O)cc4)(Oc4ccc(C=NN(C)P(=S)(Oc5ccc(cc5)C(N(C)CP(O)(O)=O)P(O)(O)=O)Oc5ccc(cc5)C(N(C)CP(O)(O)=O)P(O)(O)=O)cc4)=N3)cc2)cc1)P(O)(O)=O
366,144,1.3835363876073985,0.00013101370113273922,0.9804893882698748,ClCC=C
367,429,1.3743170432060645,0.00013098687934307834,0.9806203751492178,CCCCCCI
368,876,1.3921962697433272,0.00013078935696507466,0.9807511645061829,[C-]#[O+]
369,12893,1.3894284332295443,0.00012932142175986464,0.9808804859279427,Cn1ncc2sc3nncn3c12
370,1575672,1.3837118042827536,0.00012826232998363742,0.9810087482579264,CC12CCC3C(CCc4cc(O)ccc34)C1CCC2(O)C#Cc1ccc(CNCC2OC3OC4C(CNCc5ccc(cc5)C#CC5(O)CCC6C7CCc8cc(O)ccc8C7CCC56C)OC(OC5C(CNCc6ccc(cc6)C#CC6(O)CCC7C8CCc9cc(O)ccc9C8CCC67C)OC(OC6C(CNCc7ccc(cc7)C#CC7(O)CCC8C9CCc%10cc(O)ccc%10C9CCC78C)OC(OC7C(CNCc8ccc(cc8)C#CC8(O)CCC9C%10CCc%11cc(O)ccc%11C%10CCC89C)OC(OC8C(CNCc9ccc(cc9)C#CC9(O)CCC%10C%11CCc%12cc(O)ccc%12C%11CCC9%10C)OC(OC9C(CNCc%10ccc(cc%10)C#CC%10(O)CCC%11C%12CCc%13cc(O)ccc%13C%12CCC%10%11C)OC(OC2C(O)C3O)C(O)C9O)C(O)C8O)C(O)C7O)C(O)C6O)C(O)C5O)C(O)C4O)cc1
371,5188,1.3705514454221057,0.00012705634952096952,0.9811358046074473,CNC(=O)C1=CCCC1
372,909415,1.3759589778455397,0.00012650966694178903,0.9812623142743891,CCCCN1c2nc(COC(=O)c3c(C)noc3C)n(CCC)c2C(=O)NC1=O
373,1158,1.347791101255669,0.00012600707421527228,0.9813883213486044,NC(=O)C1CC1
374,2280,1.3565924585573539,0.00012487903114746028,0.9815132003797519,COCCOCCOCCOC
375,68701,1.3763615120453496,0.00012482300964005815,0.9816380233893919,CN(CCO)C(=O)C1C(C)(C)C1(C)C
376,592,1.386132535442862,0.00012314897948474373,0.9817611723688766,COCCOCCO
377,522772,1.358865428430235,0.00012240730693273305,0.9818835796758093,O=C(N1CCCCC11CN(C(=O)C1)c1cccnc1)c1ccco1
378,152,1.3917760630738665,0.00012195386483194693,0.9820055335406412,NCCCl
379,1570359,1.3336642811348807,0.00012149737573483625,0.9821270309163761,CN(C)CCCNC(=O)c1cc(NC(=O)c2cc(NC(=O)c3nc(NC(=O)CCNC(=O)c4cc(NC(=O)c5ncc(NC(=O)CCCNC(=O)c6cc(NC(=O)c7nc(NC(=O)CCNC(=O)c8cc(NC(=O)c9cc(NC(=O)c%10nc(NC(=O)CCCc%11ccc(cc%11)N(CCCl)CCCl)cn%10C)cn9C)cn8C)cn7C)cn6C)n5C)cn4C)cn3C)cn2C)cn1C
380,469719,1.3775338214969723,0.00012062203619322681,0.9822476529525693,CC(C)(CNC(=O)CCC1CCCC1)CNC(=O)CCC1CCCC1
381,70,1.3978546702123926,0.00011888974807544173,0.9823665427006447,ClCCCl
382,1576787,1.3945806736768889,0.00011838540609918836,0.9824849281067439,CC1=CN(C2CC(OCCOCCOCCOCCOCCOCCOP(S)(=O)OC3CC(OC3COP(S)(=O)OC3C(O)C(OC3COP(S)(=O)OC3CC(OC3COP(S)(=O)OC3CC(OC3COP(S)(=O)OC3CC(OC3COP(S)(=O)OC3C(O)C(OC3COP(S)(=O)OC3CC(OC3COP(S)(=O)OC3C(O)C(OC3COP(S)(=O)OC3CC(OC3COP(S)(=O)OC3C(O)C(OC3COP(S)(=O)OC3CC(OC3CO)N3C=C(C)C(=O)NC3=O)N3C=CC(N)=NC3=O)N3C=C(C)C(=O)NC3=O)n3cnc4c3N=C(N)NC4=O)N3C=C(C)C(=O)NC3=O)N3C=CC(N)=NC3=O)n3ccc4c3N=C(N)NC4=O)N3C=C(C)C(=O)NC3=O)N3C=C(C)C(=O)NC3=O)N3C=CC(N)=NC3=O)N3C=C(C)C(=O)NC3=O)C(COP(S)(=O)OC3C(O)C(OC3COP(S)(=O)OC3CC(OC3COP(S)(=O)OC3CC(OC3COP(S)(=O)OC3CC(OC3COP(S)(=O)OC3C(O)C(OC3COP(S)(=O)OC3CC(OC3COP(S)(=O)OC3C(O)C(OC3COP(S)(=O)OC3CC(OC3COP(S)(=O)OC3C(O)C(OC3COP(S)(=O)OC3CC(OC3CO)N3C=C(C)C(=O)NC3=O)N3C=CC(N)=NC3=O)N3C=C(C)C(=O)NC3=O)n3cnc4c3NC(N)=NC4=O)N3C=C(C)C(=O)NC3=O)N3C=CC(N)=NC3=O)n3ccc4c3NC(N)=NC4=O)N3C=C(C)C(=O)NC3=O)N3C=C(C)C(=O)NC3=O)N3C=CC(N)=NC3=O)O2)C(=O)NC1=O
383,529,1.385352536723997,0.00011765236770903644,0.9826025804744529,COCC(N)=O
384,54,1.3828937517015547,0.00011729063227870633,0.9827198711067316,CC#C
385,1310,1.399095445160342,0.00011652674809295889,0.9828363978548246,CCCCCCCC#N
386,212,1.409079231622323,0.00011623740326987903,0.9829526352580944,ClCCCCl
387,622,1.4169132932477817,0.0001151833993219638,0.9830678186574163,FC1CCNC1
388,15452,1.4113510642340066,0.0001146626835614756,0.9831824813409779,NC12C3C4C5C3C1C5C24
389,1073,1.4111418867349725,0.00011385139136504293,0.9832963327323428,C[N+](C)(C)C
390,664,1.3864134373797843,0.0001130236355886032,0.9834093563679315,Cc1nccnc1C
391,1576872,1.3838903318730753,0.0001123087343953709,0.9835216651023269,CCNc1cc2CC(CC=NCC)=C(C=C(C)C)C(c2cc1C)c1ccccc1C(=O)Oc1ccc2C3CCC4(C)C(CCC4(O)c4cn(CC5OC6OC7C(Cn8cc(nn8)C8(O)CCC9C%10CCc%11cc(OC(=O)c%12ccccc%12C%12c%13cc(C)c(NCC)cc%13Cc%13cc(NCC)c(C)cc%12%13)ccc%11C%10CCC89C)OC(OC8C(Cn9cc(nn9)C9(O)CCC%10C%11CCc%12cc(OC(=O)c%13ccccc%13C%13c%14cc(C)c(NCC)cc%14Cc%14cc(NCC)c(C)cc%13%14)ccc%12C%11CCC9%10C)OC(OC9C(Cn%10cc(nn%10)C%10(O)CCC%11C%12CCc%13cc(OC(=O)c%14ccccc%14C%14c%15cc(C)c(NCC)cc%15Cc%15cc(NCC)c(C)cc%14%15)ccc%13C%12CCC%10%11C)OC(OC%10C(Cn%11cc(nn%11)C%11(O)CCC%12C%13CCc%14cc(OC(=O)c%15ccccc%15C%15c%16cc(C)c(NCC)cc%16Cc%16cc(NCC)c(C)cc%15%16)ccc%14C%13CCC%11%12C)OC(OC%11C(CCn%12cc(nn%12)C%12(O)CCC%13C%14CCc%15cc(OC(=O)c%16ccccc%16C%16c%17cc(C)c(NCC)cc%17Cc%17cc(NCC)c(C)cc%16%17)ccc%15C%14CCC%12%13C)OC(OC%12C(Cn%13cc(nn%13)C%13(O)CCC%14C%15CCc%16cc(OC(=O)c%17ccccc%17C%17c%18cc(C)c(NCC)cc%18Cc%18cc(NCC)c(C)cc%17%18)ccc%16C%15CCC%13%14C)OC(OC5C(O)C6O)C(O)C%12O)C(O)C%11O)C(O)C%10O)C(O)C9O)C(O)C8O)C(O)C7O)nn4)C3CCc2c1
392,50519,1.389897930531655,0.00011157367267834647,0.9836332387750052,COc1ccccc1CNCc1ccc(C)cc1
393,968186,1.38016785205084,0.00011038250560105546,0.9837436212806062,NC(=O)c1ccc[n+](CC(=O)Nc2cccc(NC(=O)c3ccccc3)c2)c1
394,88,1.362242139494561,0.0001099626078208673,0.983853583888427,CC#CC
395,428460,1.36811183302232,0.00010930215741006115,0.983962886045837,COc1cc(F)cc(CNC(=O)Nc2ccn(CC(F)F)n2)c1
396,5,1.393851792561039,0.00010838080088927934,0.9840712668467263,CN
397,428460,1.3763640456878843,0.00010789440379989354,0.9841791612505262,COc1cc(F)cc(CNC(=O)Nc2ccn(CC(F)F)n2)c1
398,83685,1.356483134175842,0.00010729477029952362,0.9842864560208257,CCC(C)(CC)OC(=O)c1cnc(Cl)cn1
399,9,1.39050959288195,0.0001064193442819644,0.9843928753651077,CBr
400,487867,1.3830195979658866,0.000105893402539602,0.9844987687676473,O=S(=O)(C1CC1)N1CCc2onc(COc3ccccn3)c2C1
401,13289,1.3838107485461135,0.00010535593849916548,0.9846041247061464,CSc1cn2CCCc2[n+]1C
402,1149536,1.3287726365885493,0.00010469509566495397,0.9847088198018114,CC(=O)c1cccc(NC(=O)c2nc(-c3ccccc3)n(n2)-c2cccc(Cl)c2)c1
403,1167,1.35837861086145,0.00010337816358648386,0.9848121979653979,Cc1ncc[nH]1
404,1665,1.3685484443047335,0.00010305291980129785,0.9849152508851992,NCCC(F)(F)F
405,146520,1.361453256709494,0.00010196439398125947,0.9850172152791804,CCOc1cccc(COC(=O)c2cc(C)on2)n1
406,78,1.3641964009462175,0.00010161459318938554,0.9851188298723698,CCCCCl
407,159,1.3972804058865769,0.00010094426600064426,0.9852197741383704,ClC=C
408,534015,1.3456162854588416,0.00010067163328546411,0.9853204457716558,Cc1nn(C)c(C)c1CNC(=O)CCn1ncc2c(Cl)cccc12
409,1558758,1.3565251402160887,9.935166166403109e-05,0.9854197974333199,Cn1cc2NC(=O)c3cc(NC(=O)c4cc(NC(=O)c5cc(NC(=O)CC(N)CNC(=O)c6cc(NC(=O)c7cc(NC(=O)c8nc(NC(=O)c9nc(NC(=O)CCCNC(=O)c1c2)cn9C)cn8C)cn7C)cn6C)cn5C)cn4C)cn3C
410,1635,1.3814730349768491,9.892136064297537e-05,0.9855187187939628,COCCOCCOCCO
411,339,1.382990591270783,9.79902697596092e-05,0.9856167090637225,CCCCCCCl
412,1576885,1.4030554372014103,9.775608925617591e-05,0.9857144651529787,CC1=CN(C2CC(OP(O)(=O)OCC3OC(CC3OP(O)(=O)OCC3OC(CC3OP(O)(=O)OCC3OC(CC3OP(O)(=O)OCC3OC(CC3OP(O)(=O)OCC3OC(CC3OP(O)(=O)OCC3OC(CC3OP(O)(=O)OCC3OC(CC3OP(O)(=O)OCC3OC(CC3OP(O)(=O)OCC3OC(CC3OP(O)(=O)OCC3OC(CC3OP(O)(=O)OCC3OC(CC3OP(O)(=O)OCC3OC(CC3OP(O)(=O)OCC3OC(CC3OP(O)(=O)OCC3OC(CC3OP(O)(=O)OCC3OC(C(O)C3OP(O)(=O)OCC3OC(C(O)C3OP(O)(=O)OCC3OC(CC3OP(O)(=O)OCC3OC(CC3OP(O)(=O)OCC3OC(CC3OP(O)(=O)OCC3OC(CC3OP(O)(=O)OCC3OC(CC3OP(O)(=O)OP(O)(=O)OP(O)(=O)OCC34COCOC(C3O)C(O4)N3C=C(C)C(=O)NC3=O)N3C=C(C)C(=O)NC3=O)n3cnc4c3NC(N)=NC4=O)n3cnc4c(N)ncnc34)n3cnc4c3NC(N)=NC4=O)N3C=C(C)C(=O)NC3=O)n3cnc4c3N=C(N)NC4=O)n3cnc4c(N)ncnc34)n3cnc4c3N=C(N)NC4=O)N3C=C(C)C(=O)NC3=O)n3cnc4c(N)ncnc34)n3cnc4c(N)ncnc34)n3cnc4c3N=C(N)NC4=O)N3C=C(C)C(=O)NC3=O)n3cnc4c3N=C(N)NC4=O)n3cnc4c(N)ncnc34)n3cnc4c3N=C(N)NC4=O)N3C=C(C)C(=O)NC3=O)n3cnc4c3N=C(N)NC4=O)n3cnc4c(N)ncnc34)n3cnc4c3N=C(N)NC4=O)N3C=C(C)C(=O)NC3=O)C(COP(O)(=O)OC3CC(OC3COP(O)(=O)OC3CC(OC3COP(O)(=O)OC3CC(OC3COP(O)(=O)OC3CC(OC3CO)n3cnc4c3N=C(N)NC4=O)n3cnc4c3N=C(N)NC4=O)N3C=CC(N)=NC3=O)n3cnc4c3N=C(N)NC4=O)O2)C(=O)NC1=O
413,106937,1.401856013022573,9.73649593932156e-05,0.9858118301123718,OCCc1ccccc1Nc1nc(Cl)nc(Cl)n1
414,573,1.3654809865645872,9.653322366086722e-05,0.9859083633360327,ClCCSCCCl
415,564,1.3684368370340267,9.605837476716954e-05,0.9860044217107998,NC(=O)CCl
416,71,1.3660166933216156,9.569079412277131e-05,0.9861001125049226,CCCC#C
417,40,1.3612523844597442,9.465237012928466e-05,0.9861947648750519,CCCCO
418,429,1.383988922310197,9.424501227956472e-05,0.9862890098873315,CCCCCCI
419,15,1.37816741520767,9.384376556722801e-05,0.9863828536528987,CCCO
420,12,1.4006393617849564,9.313416207612077e-05,0.9864759878149748,CC
421,51,1.3837889231221563,9.279980598611414e-05,0.9865687876209609,OCCF
422,5316,1.3655279559817985,9.225713802781305e-05,0.9866610447589887,OCCCCCCCCCCCCBr
423,274743,1.384100281775299,9.12337714037186e-05,0.9867522785303925,Cc1cc(C(=O)NCCc2nc3CCCCc3s2)n(C)n1
424,862,1.3756166737330218,9.08001298119901e-05,0.9868430786602045,Fc1cccnc1
425,763954,1.3677825132364458,9.000381446756763e-05,0.986933082474672,CCCCCC(=O)N1CC2(C)CN(CC(C)(C1)C2=O)C(=O)CCCCC
426,440593,1.376573128309164,8.966158168803542e-05,0.98702274405636,Cc1nc(NC(=O)c2c(C)c(C)sc2-n2cnnn2)sc1C
427,1575966,1.3964097061456102,8.923478718531175e-05,0.9871119788435454,OCC1OC(C(OCOCCC#N)C1OP(O)(=O)OCC1OC(C(OCOCCC#N)C1OP(O)(=O)OCC1OC(C(OCOCCC#N)C1OP(O)(=O)OCC1OC(C(OCOCCC#N)C1OP(O)(=O)OCC1OC(C(OCOCCC#N)C1OP(O)(=O)OCC1OC(C(OCOCCC#N)C1OP(O)(=O)OCC1OC(C(OCOCCC#N)C1OP(O)(=O)OCC1OC(C(OCOCCC#N)C1OP(O)(=O)OCC1OC(C(OCOCCC#N)C1OP(O)(=O)OCC1OC(C(OCOCCC#N)C1OP(O)(=O)OCC1OC(C(OCOCCC#N)C1OP(O)(=O)OCC1OC(C(OCOCCC#N)C1O)N1C=CC(=O)NC1=O)N1C=CC(=O)NC1=O)N1C=CC(=O)NC1=O)N1C=CC(=O)NC1=O)N1C=CC(=O)NC1=O)N1C=CC(=O)NC1=O)N1C=CC(=O)NC1=O)N1C=CC(=O)NC1=O)N1C=CC(=O)NC1=O)N1C=CC(=O)NC1=O)N1C=CC(=O)NC1=O)N1C=CC(=O)NC1=O
428,1572203,1.3970428211958967,8.858821327098743e-05,0.9872005670568164,CCCCCCCCCCCC(=O)OCCOCCOCCOCCOCCOCCOCCOCCOCCOCCOCCOCCOCCOCCOCCOCCOCCOCCOCCOCCOCC(OCCOCCOCCOCCOCCOCCOCCOCCOCCOCCOCCOCCOCCOCCOCCOCCOCCOCCOCCOCCO)C1OCC(OCCOCCOCCOCCOCCOCCOCCOCCOCCOCCOCCOCCOCCOCCOCCOCCOCCOCCOCCOCCO)C1OCCOCCOCCOCCOCCOCCOCCOCCOCCOCCOCCOCCOCCOCCOCCOCCOCCOCCOCCOCCO
429,1576765,1.365296187960369,8.813504949223818e-05,0.9872887021063086,CC[n+]1ccc(cc1)-c1cc[n+](Cc2cc(C[n+]3ccc(cc3)-c3cc[n+](CC)cc3)cc(C[n+]3ccc(cc3)-c3cc[n+](Cc4cc(C[n+]5ccc(cc5)-c5cc[n+](Cc6cc(C[n+]7ccc(cc7)-c7cc[n+](CC)cc7)cc(C[n+]7ccc(cc7)-c7cc[n+](CC)cc7)c6)cc5)cc(C[n+]5ccc(cc5)-c5cc[n+](Cc6cc(C[n+]7ccc(cc7)-c7cc[n+](Cc8cc(C[n+]9ccc(cc9)-c9cc[n+](Cc%10cc(C[n+]%11ccc(cc%11)-c%11cc[n+](CC)cc%11)cc(C[n+]%11ccc(cc%11)-c%11cc[n+](CC)cc%11)c%10)cc9)cc(C[n+]9ccc(cc9)-c9cc[n+](Cc%10cc(C[n+]%11ccc(cc%11)-c%11cc[n+](CC)cc%11)cc(C[n+]%11ccc(cc%11)-c%11cc[n+](CC)cc%11)c%10)cc9)c8)cc7)cc(C[n+]7ccc(cc7)-c7cc[n+](Cc8cc(C[n+]9ccc(cc9)-c9cc[n+](Cc%10cc(C[n+]%11ccc(cc%11)-c%11cc[n+](CC)cc%11)cc(C[n+]%11ccc(cc%11)-c%11cc[n+](CC)cc%11)c%10)cc9)cc(C[n+]9ccc(cc9)-c9cc[n+](Cc%10cc(C[n+]%11ccc(cc%11)-c%11cc[n+](CC)cc%11)cc(C[n+]%11ccc(cc%11)-c%11cc[n+](CC)cc%11)c%10)cc9)c8)cc7)c6)cc5)c4)cc3)c2)cc1
430,147245,1.3651159894536202,8.757234820260062e-05,0.9873762744545111,CC(=O)N1CCC2(CN(CC3CCCC3)C2)C1
431,396706,1.3675797961287304,8.73326712893783e-05,0.9874636071258005,COc1ccc2cccc(CC(=O)NCc3nccc(N)n3)c2c1
432,51,1.3863773004665572,8.677545835146087e-05,0.987550382584152,OCCF
433,378239,1.3627956382778652,8.56247251731006e-05,0.9876360073093251,FC(F)(F)C(=O)NCCNCCCNCCNC(=O)C(F)(F)F
434,42199,1.3596277560794914,8.517910203736679e-05,0.9877211864113624,Cc1nc2ncnn2c2N(CCO)CCc12
435,14994,1.3857033523322562,8.489825444872525e-05,0.9878060846658111,CC(=O)NCCCCCCNC(C)=O
436,1290,1.3637656852796523,8.427061288885916e-05,0.9878903552787,NC(=O)CC#N
437,850,1.394194450316127,8.391358470690166e-05,0.9879742688634069,O=C1NCCO1
438,144817,1.362299527173786,8.370899961592854e-05,0.9880579778630229,CC(C)Cc1nnc(NC(=O)C2=COCCO2)s1
439,64,1.4043239525745805,8.289845813836351e-05,0.9881408763211612,CCCCl
440,610582,1.3798738316472705,8.247331027859865e-05,0.9882233496314398,CN(C)C(=O)CC1CCC2(CC1)CCN(Cc1cccc(C)n1)CC2
441,70,1.4102692840407436,8.14513131029224e-05,0.9883048009445426,ClCCCl
442,1558740,1.3648724954745697,8.131349246402193e-05,0.9883861144370066,COc1ccc(OCC(O)=O)c(Cc2cc(OCCCc3ccccc3)c(Cc3cc(OCC(O)=O)c(Cc4cc(OCCCc5ccccc5)c(Cc5cc(OCC(O)=O)c(Cc6cc(OCCCc7ccccc7)c(C)cc6OC)cc5OC)cc4OC)cc3OC)cc2OC)c1
443,1681,1.3633773952104769,8.095689176372968e-05,0.9884670713287703,ClCC(=O)CCl
444,383,1.3886689024092689,8.068524373060923e-05,0.9885477565725009,CCC(C)C
445,1148,1.3462776553429734,7.999353332441621e-05,0.9886277501058254,NCCN1CCOCC1
446,5,1.3742971753852662,7.938946410685845e-05,0.9887071395699323,CN
447,200316,1.3582103482102283,7.913665703580111e-05,0.9887862762269681,CCOCCC1(CNC(=O)c2ccc(C)nc2)CCCC1
448,363560,1.3780508996065257,7.86007918843424e-05,0.9888648770188525,CCCS(=O)(=O)N1CCN(CCOC)c2nc(C)ccc2C1
449,119,1.3708939002096148,7.831356291039493e-05,0.9889431905817629,C1CCNC1
450,240064,1.3791968134621384,7.796714684546752e-05,0.9890211577286084,CNC(=O)c1cccnc1NCCOc1ccc(CC#N)cc1
451,33800,1.3800654825206418,7.69091613319076e-05,0.9890980668899404,CCCNC(=O)c1nn(CC)cc1Cl
452,102,1.3940985575300417,7.643321501953277e-05,0.9891745001049599,CCON
453,40,1.3825122479187741,7.622746908148659e-05,0.9892507275740414,CCCCO
454,94,1.3526896913116846,7.561534431650153e-05,0.989326342918358,CSCCO
455,959,1.3871024928312579,7.527862924490041e-05,0.9894016215476029,Ic1ccccn1
456,554,1.413905703700586,7.484879199331102e-05,0.9894764703395962,OCc1ccco1
457,98,1.393210546318407,7.417528199775138e-05,0.9895506456215939,COCCO
458,159,1.3922445472697371,7.350735776607437e-05,0.98962415297936,ClC=C
459,859,1.364347380473436,7.317128715252646e-05,0.9896973242665126,Fc1ccccn1
460,417691,1.3565494060042786,7.243543517952495e-05,0.9897697597016921,CCCn1cc(Cl)c(n1)C(=O)N1CC2CC(CC2C1)OC
461,12,1.3870499425021334,7.209094453042461e-05,0.9898418506462225,CC
462,32,1.4138107059344247,7.189031905969028e-05,0.9899137409652823,CNO
463,644,1.36629622238648,7.110511595557976e-05,0.9899848460812378,CCCCCCBr
464,6127,1.3829309179025016,7.050016030153942e-05,0.9900553462415393,Clc1ncc2CCOc2n1
465,23919,1.3767068315416808,7.025119111092857e-05,0.9901255974326503,CC(=O)NCCNCCc1c[nH]cn1
466,71,1.389867768037487,7.017881612322189e-05,0.9901957762487735,CCCC#C
467,14,1.4156902956500659,6.946650254600744e-05,0.9902652427513196,CCCN
468,661,1.3927954588189135,6.897999794127544e-05,0.9903342227492609,CC1CCNC1=O
469,1160,1.396013471923727,6.875274846662113e-05,0.9904029754977275,ClC=C(Cl)Cl
470,403,1.3893070874431241,6.792977563847464e-05,0.990470905273366,FCCCCCF
471,12,1.377033761696009,6.761032052027492e-05,0.9905385155938863,CC
472,12,1.3674163439397313,6.754458274620157e-05,0.9906060601766324,CC
473,431,1.3964543623616144,6.675349799094613e-05,0.9906728136746233,CCCOCCO
474,210,1.36246250563595,6.644301665289491e-05,0.9907392566912763,CCCCCBr
475,27,1.3737615741259932,6.61440111071547e-05,0.9908054007023834,COC
476,441187,1.3710614241766808,6.576265468071146e-05,0.9908711633570642,CN(Cc1ccc(F)cc1F)C(=O)CCSc1nc(C)n[nH]1
477,1576533,1.3880788098431114,6.548328342205103e-05,0.9909366466404862,CC1=CN(CCC[n+]2ccc(cc2)-c2cc[n+](Cc3cc(C[n+]4ccc(cc4)-c4cc[n+](CCCN5C=C(C)C(=O)NC5=O)cc4)cc(C[n+]4ccc(cc4)-c4cc[n+](Cc5cc(C[n+]6ccc(cc6)-c6cc[n+](Cc7cc(C[n+]8ccc(cc8)-c8cc[n+](CCCN9C=C(C)C(=O)NC9=O)cc8)cc(C[n+]8ccc(cc8)-c8cc[n+](CCCN9C=C(C)C(=O)NC9=O)cc8)c7)cc6)cc(c5)-[n+]5ccc(cc5)-c5cc[n+](cc5)-c5cc(C[n+]6ccc(cc6)-c6cc[n+](Cc7cc(C[n+]8ccc(cc8)-c8cc[n+](CCCN9C=C(C)C(=O)NC9=O)cc8)cc(C[n+]8ccc(cc8)-c8cc[n+](CCCN9C=C(C)C(=O)NC9=O)cc8)c7)cc6)cc(C[n+]6ccc(cc6)-c6cc[n+](Cc7cc(C[n+]8ccc(cc8)-c8cc[n+](CCCN9C=C(C)C(=O)NC9=O)cc8)cc(C[n+]8ccc(cc8)-c8cc[n+](CCCN9C=C(C)C(=O)NC9=O)cc8)c7)cc6)c5)cc4)c3)cc2)C(=O)NC1=O
478,122908,1.4125296679070616,6.527018829017371e-05,0.9910019168287764,CC(C)CC(=O)NCC(C)NC(=O)CC(C)C
479,303472,1.3674209528643444,6.42225085234112e-05,0.9910661393372998,CN(C)C(=O)CN1CCC2(CN(CC3CCOC3)C2)C1
480,1344,1.3931399984568307,6.40869094036303e-05,0.9911302262467034,Brc1cncnc1
481,197969,1.3519313284607999,6.38602207123214e-05,0.9911940864674158,CC(C)(C)c1csc(NC(=O)C2=COCCO2)n1
482,26,1.3929496965855328,6.354579516209886e-05,0.9912576322625779,C=C
483,63001,1.3731045993590028,6.339659416331307e-05,0.9913210288567412,CC(=O)NCCCNCc1cc(F)ccc1Br
484,9,1.3913330660188588,6.304504937164889e-05,0.9913840739061128,CBr
485,2,1.3900952946313128,6.241129194458507e-05,0.9914464851980574,CO
486,347,1.3998148076732866,6.221800138048013e-05,0.991508703199438,BrCC=C=C
487,91389,1.3762948427860469,6.189217551022128e-05,0.9915705953749482,CON=C(C#N)C(=O)NCc1cc(C)on1
488,515,1.3758288462863035,6.15895616691612e-05,0.9916321849366173,ClC(Cl)=C
489,1574556,1.3860653704911565,6.108079933832772e-05,0.9916932657359556,CNC(CC(C)C)C(=O)NC1C(O)c2ccc(Oc3cc4cc(Oc5ccc(cc5Cl)C(O)C5NC(=O)C(NC(=O)C4NC(=O)C(CC(N)=O)NC1=O)c1ccc(O)c(c1)-c1c(O)cc(O)cc1C(NC5=O)C(O)=O)c3OC1OC(CO)C(O)C(O)C1OC1CC(C)(NCC3=C4Oc5c(CNC6(C)CC(OC7C(O)C(O)C(CO)OC7Oc7c8Oc9ccc(cc9Cl)C(O)C(NC(=O)C(CC(C)C)NC)C(=O)NC(CC(N)=O)C(=O)NC9c(c8)cc7Oc7ccc(cc7Cl)C(O)C7NC(=O)C(NC9=O)c8ccc(O)c(c8)-c8c(O)cc(O)cc8C(NC7=O)C(O)=O)OC(C)C6O)cccc5N=C4C=C(N)C3=O)C(O)C(C)O1)c(Cl)c2
490,31,1.410760955283095,6.07898871339744e-05,0.9917540556230896,N#N
491,40,1.3866284474711976,6.06433064481383e-05,0.9918146989295378,CCCCO
492,1245,1.4004092227462683,6.0030185505598614e-05,0.9918747291150434,OCCOCCOCCO
493,406500,1.3760762001240878,5.997918624652846e-05,0.9919347083012899,Fc1ccc(OCc2noc(CN3CCc4cncnc4C3)n2)cc1
494,213576,1.3760775215176062,5.961302609037404e-05,0.9919943213273803,Cc1occc1C(=O)NCCCCNC(=O)c1ccoc1C
495,326,1.3819384337197944,5.921322539826344e-05,0.9920535345527786,FC1NCC=N1
496,290,1.3895571912745583,5.892670643758606e-05,0.9921124612592161,CC1CCCCN1
497,266,1.3708520409649392,5.8683304666907724e-05,0.9921711445638831,FCC1CO1
498,88,1.3930010196168463,5.8373538448598397e-05,0.9922295181023317,CC#CC
499,249,1.4162349024602605,5.788446807357523e-05,0.9922874025704053,CCCCNN
500,3081,1.376846156201062,5.75666278309031e-05,0.9923449691982361,CCCCCCCCCCC=C
501,353,1.3897562390270641,5.687090023614382e-05,0.9924018400984722,c1ccccc1
502,19282,1.38082246056153,5.656588827863757e-05,0.9924584059867508,CCC(=O)NCCCCNC(=O)CC
503,54,1.3767212453596798,5.634061277306573e-05,0.9925147465995239,CC#C
504,395,1.3712060216069086,5.604294990378251e-05,0.9925707895494277,CCC1CO1
505,48311,1.3777682090296,5.534549692074554e-05,0.9926261350463484,CSC(C)C(=O)N1CCN(CCO)CC1
506,86684,1.3926034283099415,5.520211560120708e-05,0.9926813371619496,O=C(CCCNC(=O)c1ccccc1)OCC#N
507,1305,1.375858414867556,5.479243740708527e-05,0.9927361295993568,O=COCCOC=O
508,1267,1.372398888469931,5.450434887715179e-05,0.9927906339482339,CC=C(Cl)Cl
509,622,1.367355884262463,5.417520078310209e-05,0.992844809149017,FC1CCNC1
510,83,1.3992659371008693,5.398923674910291e-05,0.9928987983857661,N=C=N
511,567,1.384042621304692,5.3678072041779135e-05,0.9929524764578079,OC(=O)CCS
512,88,1.4031656552085052,5.351357253177604e-05,0.9930059900303397,CC#CC
513,265,1.383953351028106,5.3236787581061474e-05,0.9930592268179208,N=[N]#N
514,134,1.3830078246643676,5.293288426888406e-05,0.9931121597021897,CCCC=C
515,78,1.3848927124809354,5.251009126026694e-05,0.99316466979345,CCCCCl
516,442,1.3908793506953974,5.205675450399737e-05,0.993216726547954,ClC=CCl
517,1564849,1.385299776489431,5.169456989480713e-05,0.9932684211178489,CCCNc1nc(C(=O)NCCOCCOCCOCCOCCOCCOCCOCCOCCOCCOCCOCCOCCOCCOCCOCCOCCOCCOCCOCCOCCOCCOCCOCCOC)c(NCCC)nc1C(=O)NCCOCCOCCOCCOCCOCCOCCOCCOCCOCCOCCOCCOCCOCCOCCOCCOCCOCCOCCOCCOCCOCCOCCOCCOC
518,50,1.3971910881457872,5.139170746579319e-05,0.9933198128253147,NCCO
519,2316,1.3891704534156981,5.1173151395185145e-05,0.9933709859767098,CCOCCOCCOCCO
520,148,1.3881036749945503,5.0822317552385546e-05,0.9934218082942622,C1CO1
521,71,1.3809122446447868,5.0727600052742e-05,0.993472535894315,CCCC#C
522,1305,1.4056121494078146,5.0248351246638794e-05,0.9935227842455616,O=COCCOC=O
523,1030,1.3902442979129606,5.0090401042090544e-05,0.9935728746466037,OCC1NCCC1O
524,895,1.3863266900395956,4.9886868897470856e-05,0.9936227615155012,ClCCOCCCl
525,1411,1.3756871658724135,4.977566106747018e-05,0.9936725371765687,CCc1scnc1C
526,302596,1.3759579519673615,4.957602141550303e-05,0.9937221131979842,COCCN1CCC(CNC(=O)c2cc(Cl)c[nH]2)CC1
527,569749,1.3771506545258632,4.884322274107493e-05,0.9937709564207253,Cn1cccc1C(=O)N1CCCCC11CN(C(=O)C1)c1cccnc1
528,302948,1.3860373132599477,4.8541501238459716e-05,0.9938194979219638,CSCCC(=O)N1CCCN(Cc2cnn(c2)C(C)C)CC1
529,12,1.3884405839047482,4.827483156908402e-05,0.9938677727535329,CC
530,660970,1.3393588678982982,4.823190281843318e-05,0.9939160046563513,O=C(N1CCC2(CN(Cc3ccc(cc3)C#N)C2)CC1)c1csnn1
531,65420,1.3889463794874206,4.7766094902689944e-05,0.993963770751254,CCc1ncc2CN(Cc2n1)C(=O)COC
532,902,1.3759276240068732,4.7494272325011936e-05,0.994011265023579,N=C1SCCS1
533,64,1.3801641899096857,4.719069941128519e-05,0.9940584557229902,CCCCl
534,1510347,1.3948820043466976,4.694676253350629e-05,0.9941054024855237,CCCCCCCCCCCCOCCOCCOCCOCCOCCOCCOCCOCCOCCOCCOCCOCCOCCOCCOCCOCCOCCOCCOCCOCCOCCOCCOCCOCCOCCO
535,3190,1.3929485445402066,4.6656322044900304e-05,0.9941520588075686,[O-][N+]#[C-]
536,78,1.4032297240737948,4.661227891927236e-05,0.9941986710864879,CCCCCl
537,1299943,1.3796731952638068,4.623549200215189e-05,0.99424490657849,Cc1cc(F)cc(C)c1C(=O)N1CC2CN(CCC(NC(=O)C3CCCC3)c3ccccc3)CC2C1
538,1681,1.3796727871162877,4.583237124086564e-05,0.9942907389497309,ClCC(=O)CCl
539,405223,1.3644263181015521,4.569861722427928e-05,0.9943364375669551,CCC(C)c1sccc1NC(=O)c1cn(C)nc1C(F)(F)F
540,805,1.3946757706750235,4.5282644515373625e-05,0.9943817202114705,Cn1ccnc1Br
541,70,1.3819755844423596,4.501941866179666e-05,0.9944267396301323,ClCCCl
542,25,1.3724978889353738,4.48226749983974e-05,0.9944715623051307,CCl
543,378239,1.3957410051781762,4.467145355000166e-05,0.9945162337586807,FC(F)(F)C(=O)NCCNCCCNCCNC(=O)C(F)(F)F
544,3977,1.3920196665286382,4.4404969617898346e-05,0.9945606387282986,CN1CCN(CC#N)CC1
545,428607,1.3664028515060769,4.3925759903855224e-05,0.9946045644882024,CC(C)(C)c1ncc(C(=O)NCCSc2ccccn2)c(O)n1
546,408,1.3839813260516096,4.363679305987968e-05,0.9946482012812623,c1cnsc1
547,1681,1.3937868697959543,4.347221623668347e-05,0.994691673497499,ClCC(=O)CCl
548,815354,1.3656238002536678,4.337963482517889e-05,0.9947350531323241,COc1ccc(cc1)C(=O)Nc1ccc2nc(NC(=O)C3CCCCC3)sc2c1
549,216,1.3918322148359425,4.3283362869587153e-05,0.9947783364951938,CC=NC#N
550,59,1.381978631096034,4.2912846855677155e-05,0.9948212493420494,OCCS
551,562,1.4048318792394172,4.244611164889575e-05,0.9948636954536983,BrC(Br)Br
552,70,1.378862714228294,4.213187069477664e-05,0.9949058273243931,ClCCCl
553,161,1.4077029593701644,4.1928288159771776e-05,0.9949477556125529,NNCCO
554,1570875,1.402450876604114,4.1673348536770014e-05,0.9949894289610897,OC1C(O)C2OC3OC(CSCCCCCC(O)=O)C(OC4OC(CSCCCCCC(O)=O)C(OC5OC(CSCCCCCC(O)=O)C(OC6OC(CSCCCCCC(O)=O)C(OC7OC(CSCCCCCC(O)=O)C(OC8OC(CSCCCCCC(O)=O)C(OC9OC(CSCCCCCC(O)=O)C(OC1OC2CSCCCCCC(O)=O)C(O)C9O)C(O)C8O)C(O)C7O)C(O)C6O)C(O)C5O)C(O)C4O)C(O)C3O
555,259,1.3996898471886465,4.149370527576155e-05,0.9950309226663654,CC1CN1
556,60,1.391304274588363,4.138252694875488e-05,0.9950723051933141,NC=O
557,264970,1.3763717277167373,4.107153766261194e-05,0.9951133767309768,CCOC1CCCN(C1)C(=O)Nc1cnn(CC(F)F)c1
558,1827,1.4008173106602295,4.089821383007919e-05,0.9951542749448069,NC(=O)C1CO1
559,209044,1.3832896325494344,4.072234949885553e-05,0.9951949972943057,COc1c(C)cnc(CNC(=O)CCOCC(C)C)c1C
560,1576765,1.3841426336426883,4.050437285787167e-05,0.9952355016671636,CC[n+]1ccc(cc1)-c1cc[n+](Cc2cc(C[n+]3ccc(cc3)-c3cc[n+](CC)cc3)cc(C[n+]3ccc(cc3)-c3cc[n+](Cc4cc(C[n+]5ccc(cc5)-c5cc[n+](Cc6cc(C[n+]7ccc(cc7)-c7cc[n+](CC)cc7)cc(C[n+]7ccc(cc7)-c7cc[n+](CC)cc7)c6)cc5)cc(C[n+]5ccc(cc5)-c5cc[n+](Cc6cc(C[n+]7ccc(cc7)-c7cc[n+](Cc8cc(C[n+]9ccc(cc9)-c9cc[n+](Cc%10cc(C[n+]%11ccc(cc%11)-c%11cc[n+](CC)cc%11)cc(C[n+]%11ccc(cc%11)-c%11cc[n+](CC)cc%11)c%10)cc9)cc(C[n+]9ccc(cc9)-c9cc[n+](Cc%10cc(C[n+]%11ccc(cc%11)-c%11cc[n+](CC)cc%11)cc(C[n+]%11ccc(cc%11)-c%11cc[n+](CC)cc%11)c%10)cc9)c8)cc7)cc(C[n+]7ccc(cc7)-c7cc[n+](Cc8cc(C[n+]9ccc(cc9)-c9cc[n+](Cc%10cc(C[n+]%11ccc(cc%11)-c%11cc[n+](CC)cc%11)cc(C[n+]%11ccc(cc%11)-c%11cc[n+](CC)cc%11)c%10)cc9)cc(C[n+]9ccc(cc9)-c9cc[n+](Cc%10cc(C[n+]%11ccc(cc%11)-c%11cc[n+](CC)cc%11)cc(C[n+]%11ccc(cc%11)-c%11cc[n+](CC)cc%11)c%10)cc9)c8)cc7)c6)cc5)c4)cc3)c2)cc1
561,87,1.3954711451987323,4.030542529152205e-05,0.9952758070924551,CCSCC
562,1576901,1.3902764981322941,3.9943203171721235e-05,0.9953157502956268,n1(cnc2c1N=C(N)NC2=O)C1OC(COP(O)(=O)OC2C(COP(O)(=O)OC3CC(OC3COP(O)(=O)OC3CC(OC3COP(O)(=O)OC3C(COP(O)(=O)OC4C(COP(O)(=O)OC5C(COP(O)(=O)OC6C(COP(O)(=O)OC7C(COP(O)(=O)OC8C(COP(O)(=O)OC9C(COP(O)(=O)OC%10C(COP(O)(=O)OC%11CC(OC%11COP(O)(=O)OC%11C(COP(O)(=O)OC%12C(COP(O)(=O)OC%13CC(OC%13COP(O)(=O)OC%13C(COP(O)(=O)OC%14C(COP(O)(=O)OC%15C(COP(O)(=O)OC%16CC(OC%16COP(O)(=O)OC%16C(COP(O)(=O)OC%17C(COc%18ccc%19C%20(OC(=O)c%21ccccc%20%21)c%20ccc(O)cc%20Oc%19c%18)OC(n%18c%19c(nc%18)c(N)ncn%19)C%17O)OC(C%16O)n%16cnc%17c%16N=C(N)NC%17=O)N%16C=C(C)C(=O)NC%16=O)OC(C%15O)N%15C=CC(N)=NC%15=O)OC(C%14O)N%14C=CC(N)=NC%14=O)OC(C%13O)n%13cnc%14c%13N=C(N)NC%14=O)N%13C=C(C)C(=O)NC%13=O)OC(C%12O)n%12cnc%13c%12N=C(N)NC%13=O)OC(C%11O)n%11cnc%12c%11N=C(N)NC%12=O)N%11C=C(C)C(=O)NC%11=O)OC(n%11c%12c(nc%11)c(N)ncn%12)C%10O)OC(n%10cnc%11c%10N=C(N)NC%11=O)C9O)OC(n9cnc%10c9N=C(N)NC%10=O)C8O)OC(C7O)n7cnc8c7N=C(N)NC8=O)OC(C6O)N6C=CC(N)=NC6=O)OC(n6c7c(nc6)c(N)ncn7)C5O)OC(n5cnc6c5N=C(N)NC6=O)C4O)OC(C3O)n3cnc4c3N=C(N)NC4=O)N3C=C(C)C(=O)NC3=O)N3C=C(C)C(=O)NC3=O)OC(C2O)n2cnc3c2N=C(N)NC3=O)C(OP(O)(=O)OCC2OC(C(O)C2OP(O)(=O)OCC2OC(C(O)C2OP(O)(=O)OCC2OC(CC2OP(O)(=O)OCC2OC(C(O)C2OP(O)(=O)OCC2OC(n3c4c(nc3)c(N)ncn4)C(O)C2OP(O)(=O)OCC2OC(C(O)C2OP(O)(=O)OCC2OC(CC2OP(O)(=O)OCC23OC(C(OCOC2c2ccccc2)C3O)N2C=C(C)C(=O)NC2=O)N2C=C(C)C(=O)NC2=O)N2C=CC(N)=NC2=O)n2cnc3c2NC(N)=NC3=O)N2C=C(C)C(=O)NC2=C)n2cnc3c2NC(N)=NC3=O)n2cnc3c2N=C(N)NC3=O)C1O
563,3,1.3983849343116044,3.984049695859992e-05,0.9953555907925854,NCCS
564,1576533,1.3948128238495194,3.938792105716059e-05,0.9953949787136426,CC1=CN(CCC[n+]2ccc(cc2)-c2cc[n+](Cc3cc(C[n+]4ccc(cc4)-c4cc[n+](CCCN5C=C(C)C(=O)NC5=O)cc4)cc(C[n+]4ccc(cc4)-c4cc[n+](Cc5cc(C[n+]6ccc(cc6)-c6cc[n+](Cc7cc(C[n+]8ccc(cc8)-c8cc[n+](CCCN9C=C(C)C(=O)NC9=O)cc8)cc(C[n+]8ccc(cc8)-c8cc[n+](CCCN9C=C(C)C(=O)NC9=O)cc8)c7)cc6)cc(c5)-[n+]5ccc(cc5)-c5cc[n+](cc5)-c5cc(C[n+]6ccc(cc6)-c6cc[n+](Cc7cc(C[n+]8ccc(cc8)-c8cc[n+](CCCN9C=C(C)C(=O)NC9=O)cc8)cc(C[n+]8ccc(cc8)-c8cc[n+](CCCN9C=C(C)C(=O)NC9=O)cc8)c7)cc6)cc(C[n+]6ccc(cc6)-c6cc[n+](Cc7cc(C[n+]8ccc(cc8)-c8cc[n+](CCCN9C=C(C)C(=O)NC9=O)cc8)cc(C[n+]8ccc(cc8)-c8cc[n+](CCCN9C=C(C)C(=O)NC9=O)cc8)c7)cc6)c5)cc4)c3)cc2)C(=O)NC1=O
565,3230,1.3919177037506152,3.921911453736743e-05,0.99543419782818,CN(C)CC1CSSC1
566,429,1.3931878051212956,3.9164569582903744e-05,0.9954733623977629,CCCCCCI
567,219,1.3903641697187652,3.8937212207304426e-05,0.9955122996099701,C1CCOC1
568,212,1.3916133020523123,3.88857173717175e-05,0.9955511853273419,ClCCCCl
569,639904,1.3812069647857157,3.876586096679402e-05,0.9955899511883086,CCn1nc(C)cc1S(=O)(=O)N1CCC2(C1)CC(=O)NC2=O
570,96,1.3901332375220266,3.8495123752896815e-05,0.9956284463120615,ClCBr
571,67,1.399509471171195,3.8317534732947164e-05,0.9956667638467944,Cn1ccnc1
572,32,1.4016912800714154,3.813446561880075e-05,0.9957048983124133,CNO
573,1681,1.383735465488464,3.7837394521392576e-05,0.9957427357069346,ClCC(=O)CCl
574,644,1.3811007393242025,3.777359812075002e-05,0.9957805093050554,CCCCCCBr
575,162,1.4027987805351714,3.7261019144236456e-05,0.9958177703241996,C1CS1
576,406,1.3828895974090172,3.689984303370038e-05,0.9958546701672333,c1cnon1
577,4,1.4096998352676946,3.663337755592721e-05,0.9958913035447892,NCCN
578,28,1.386143761051935,3.644473925739085e-05,0.9959277482840465,CNC
579,88,1.3864229720400514,3.626261861127916e-05,0.9959640109026577,CC#CC
580,103,1.4021413474455622,3.60946323453254e-05,0.9960001055350031,OC#N
581,2025,1.4045911682377905,3.577315123921501e-05,0.9960358786862423,OCCCCCCCCCCCCO
582,692,1.3965331636181124,3.549446089196403e-05,0.9960713731471343,S=C1SSC=C1
583,9,1.4023929836077398,3.541114171608665e-05,0.9961067842888505,CBr
584,384630,1.3812599253782156,3.5217102793969434e-05,0.9961420013916444,NS(=O)(=O)c1cnc(NCC2(CCC2)c2ccccc2)s1
585,313,1.3895141136485563,3.498574716705542e-05,0.9961769871388115,O=CNC1CC1
586,141,1.388724694991006,3.480125709399997e-05,0.9962117883959055,C=CC#N
587,105,1.3986378907536423,3.4488275729552186e-05,0.9962462766716351,NCC=O
588,26,1.3861226487694667,3.441758556453034e-05,0.9962806942571997,C=C
589,519,1.3930800011534603,3.4072716449363014e-05,0.9963147669736491,CC(=C)CCl
590,50,1.390890951048617,3.3850096149402584e-05,0.9963486170697985,NCCO
591,200,1.3995062802269267,3.378231320120911e-05,0.9963823993829997,FC(F)Cl
592,124607,1.375023031864467,3.373884746105114e-05,0.9964161382304607,CCOC1CC2(C1)CCN(Cc1nccn1C)CC2
593,859,1.3736493060436106,3.346676097967496e-05,0.9964496049914404,Fc1ccccn1
594,42,1.3848997074862677,3.3219752480609535e-05,0.996482824743921,COCOC
595,210,1.3998836683919105,3.286021386055362e-05,0.9965156849577815,CCCCCBr
596,129,1.4025432416207486,3.279220185663091e-05,0.9965484771596381,OCCCCO
597,327,1.394795540166684,3.268463526644161e-05,0.9965811617949045,CN1CC=NC1
598,651008,1.398936338943891,3.262467735454418e-05,0.9966137864722591,CC(C)c1onc(C(=O)Nc2sc3CCCc3c2C#N)c1N(=O)=O
599,10,1.392784584784032,3.236675123673603e-05,0.9966461532234958,CI
600,1576801,1.4006712654471172,3.2124905686093125e-05,0.9966782781291819,CC1=CN(C2CC(O)C(COP(O)(=S)OC3CC(OC3COP(O)(=S)OC3CC(OC3COP(O)(=S)OC3CC(OC3COP(O)(=S)OC3CC(OC3COP(O)(=S)OC3CC(OC3COP(O)(=S)OC3CC(OC3COP(O)(=S)OC3CC(OC3COP(O)(=S)OC3CC(OC3COP(O)(=S)OC3CC(OC3COP(O)(=S)OC3CC(OC3COP(O)(=S)OC3CC(OC3COP(O)(=S)OC3CC(OC3COP(O)(=S)OC3CC(OC3COP(O)(=S)OC3CC(OC3COP(O)(=S)OC3CC(OC3COP(O)(=S)OC3CC(OC3COP(O)(=S)OC3CC(OC3COP(O)(=S)OC3CC(OC3COP(O)(=S)OC3CC(OC3COP(O)(=S)OC3CC(OC3COP(O)(=S)OC3CC(OC3COP(O)(=S)OC3CC(OC3COP(O)(=S)OC3CC(OC3CO)N3C=C(C)C(=O)NC3=O)N3C=CC(N)=NC3=O)n3cnc4c3N=C(N)NC4=O)N3C=C(C)C(=O)NC3=O)N3C=CC(N)=NC3=O)N3C(N)=NC4NC=NC4C3=O)N3C=C(C)C(=O)NC3=O)N3C=C(C)C(=O)NC3=O)N3C=C(C)C(=O)NC3=O)N3C=C(C)C(=O)NC3=O)N3C=NC4C3N=C(N)NC4=O)N3C=C(C)C(=O)NC3=O)N3C=CC(N)=NC3=O)N3C=NC4C3N=C(N)NC4=O)N3C=C(C)C(=O)NC3=O)N3C=C(C)C(=O)NC3=O)N3C=C(C)C(=O)NC3=O)N3C=C(C)C(=O)NC3=O)n3cnc4c3NC(N)=NC4=O)N3C=C(C)C(=O)NC3=O)N3C=CC(N)=NC3=O)N3C=NC4C3N=C(N)NC4=O)N3C=C(C)C(=O)NC3=O)O2)C(=O)NC1=O
601,644,1.3936242418151958,3.197118007277882e-05,0.9967102493092547,CCCCCCBr
602,2081,1.4001480218916704,3.177403650480319e-05,0.9967420233457595,[N-]=[N+]=[N-]
603,982,1.3863617097501664,3.138281586457944e-05,0.996773406161624,Cc1ncccc1O
604,15500,1.3717664782573697,3.12232297476689e-05,0.9968046293913717,CC(=O)NCCCCCNC(C)=O
605,837,1.395711451432988,3.106554448522266e-05,0.9968356949358569,NC1CCCCC1
606,504,1.3888570269822205,3.09206013078243e-05,0.9968666155371647,ClC1NCC=N1
607,128,1.3780425595266403,3.088351346692047e-05,0.9968974990506316,COCC#C
608,3033,1.4061578809630493,3.0743788629341186e-05,0.996928242839261,OCC(=O)N1CCCC1
609,569749,1.3798520881844232,3.0564544450755754e-05,0.9969588073837117,Cn1cccc1C(=O)N1CCCCC11CN(C(=O)C1)c1cccnc1
610,381,1.401238304980639,3.054582692135755e-05,0.996989353210633,C1COCCO1
611,19043,1.389742109853256,3.0379568819300725e-05,0.9970197327794523,CCNC(=O)C(=O)NCC(O)=O
612,9297,1.3986020729458926,3.011818619078807e-05,0.9970498509656431,CCCCCCCCCCCCCCCBr
613,119,1.408895902129828,2.9762084291307648e-05,0.9970796130499344,C1CCNC1
614,71,1.3860517793277336,2.967299443572463e-05,0.9971092860443701,CCCC#C
615,52,1.387507342894988,2.953658192257455e-05,0.9971388226262927,CC=C
616,211,1.3849507523857212,2.944718463404265e-05,0.9971682698109268,ClCCCBr
617,240597,1.4030122493081063,2.923755013581009e-05,0.9971975073610626,Cc1nc(C)c(s1)C(=O)NCCNc1ncccc1C#N
618,1197,1.3818846346050515,2.9018007240972205e-05,0.9972265253683036,CNC(=O)CCl
619,50,1.3888528716820296,2.8916816999372156e-05,0.9972554421853029,NCCO
620,53,1.405748904605097,2.8766010563420285e-05,0.9972842081958664,OC=O
621,11,1.4041659198391103,2.858880215506365e-05,0.9973127969980214,CF
622,94,1.4041471836219472,2.84087668973736e-05,0.9973412057649188,CSCCO
623,88,1.39822762371895,2.8222147367750142e-05,0.9973694279122866,CC#CC
624,429,1.384257008454301,2.817811062952415e-05,0.997397606022916,CCCCCCI
625,290,1.4088597485075518,2.789788586393397e-05,0.9974255039087799,CC1CCCCN1
626,127,1.3870120522829827,2.7846061439817647e-05,0.9974533499702197,CCCCBr
627,210,1.3906224934593436,2.7742521771555527e-05,0.9974810924919912,CCCCCBr
628,159,1.386855776872876,2.754548766226817e-05,0.9975086379796535,ClC=C
629,126,1.3975716265122453,2.7300052604537764e-05,0.997535938032258,ClCCBr
630,418,1.4058195529024904,2.7044020431086233e-05,0.9975629820526891,NCCOCCO
631,261,1.3833428237059675,2.6881055417096075e-05,0.9975898631081063,CCNCCO
632,69208,1.3899299922937127,2.6716063517504553e-05,0.9976165791716237,COCNC(=O)c1cc(Br)c(Br)[nH]1
633,475525,1.3964815374079265,2.639111660054461e-05,0.9976429702882242,Cc1cc(C)n(CC2CN(Cc3noc(n3)C3CC3)CCO2)n1
634,146,1.4067849885573913,2.6311048391733504e-05,0.9976692813366159,C1CC1
635,242,1.3927925946772013,2.6007057812676386e-05,0.9976952883944286,BrCC=C
636,52,1.3872645533067554,2.592880546866936e-05,0.9977212171998973,CC=C
637,1753,1.3969480612293586,2.5922935603087988e-05,0.9977471401355004,FC(F)(Cl)Cl
638,88,1.3926155939447948,2.568801880219147e-05,0.9977728281543026,CC#CC
639,10,1.4085491349064758,2.5569069806645902e-05,0.9977983972241092,CI
640,23919,1.396906484863749,2.543271385826511e-05,0.9978238299379675,CC(=O)NCCNCCc1c[nH]cn1
641,28,1.388193065148014,2.520815400189936e-05,0.9978490380919693,CNC
642,54,1.3857345713431233,2.5106984526126433e-05,0.9978741450764955,CC#C
643,163,1.4012020284479536,2.4862880824509356e-05,0.99789900795732,COCCl
644,259764,1.3907206042670528,2.466718840360363e-05,0.9979236751457236,CC(C)C(=O)N1CCC2(CN(CC3CCCC3)C2)C1
645,686536,1.3936667004139265,2.4548286899111425e-05,0.9979482234326227,Cn1cc(nn1)C(=O)Nc1ccc2CCN(C(=O)c3ccco3)c2c1
646,668098,1.4032991053963788,2.4396695848847098e-05,0.9979726201284715,CC(C)c1cccc(C(C)C)c1NC(=O)NCC1(CCCC1)c1cccs1
647,141,1.4017615696820833,2.423643372678361e-05,0.9979968565621983,C=CC#N
648,1827,1.394200272357882,2.4164015881674598e-05,0.99802102057808,NC(=O)C1CO1
649,262,1.3985969395778355,2.3954413121785575e-05,0.9980449749912017,ClCC#N
650,569749,1.3851665963623092,2.3813626702951975e-05,0.9980687886179047,Cn1cccc1C(=O)N1CCCCC11CN(C(=O)C1)c1cccnc1
651,331,1.3966064870379928,2.3710706473930638e-05,0.9980924993243786,C1OCC=C1
652,40,1.3864332591397364,2.3609339346584077e-05,0.9981161086637251,CCCCO
653,32,1.3952166393861134,2.3381244435956555e-05,0.998139489908161,CNO
654,54,1.3944127831833122,2.327744946630649e-05,0.9981627673576273,CC#C
655,322070,1.3871899014605158,2.317759071705677e-05,0.9981859449483443,CC(=O)N1CCc2ncc(CNC(=O)C3CCC3)n2CC1
656,341,1.3890770144483808,2.3027347609907382e-05,0.9982089722959543,NC(=O)CF
657,425,1.3997431123401736,2.291860139900001e-05,0.9982318908973533,ClCOCCl
658,941,1.3984358671098418,2.2817464356726148e-05,0.99825470836171,CC(C)CC#N
659,102,1.4036078107742946,2.271114614083881e-05,0.9982774195078509,CCON
660,3190,1.3856427687105741,2.254398298965955e-05,0.9982999634908405,[O-][N+]#[C-]
661,241,1.3998491830739503,2.2181906328520724e-05,0.998322145397169,OCCCCl
662,1019,1.3916158928669138,2.212244137813025e-05,0.9983442678385471,OCC(Cl)CCl
663,861,1.4004744490283731,2.190044375081213e-05,0.998366168282298,FC1CCCNC1
664,30,1.3966696163651875,2.163679245309807e-05,0.9983878050747511,CCC
665,3190,1.3960625187092421,2.1599946449444686e-05,0.9984094050212006,[O-][N+]#[C-]
666,179,1.3993741729799651,2.1533233609259e-05,0.9984309382548098,c1ncncn1
667,3751,1.3966255146000213,2.1506140153182e-05,0.998452444394963,NN(CCC#N)c1nccs1
668,243,1.39146680186199,2.1386342674023544e-05,0.998473830737637,IC(I)I
669,88,1.4015606027068759,2.1211925512441043e-05,0.9984950426631494,CC#CC
670,76,1.3938946930324452,2.1104764500402786e-05,0.9985161474276498,CCCCCF
671,402,1.4018164195197256,2.1068994984423393e-05,0.9985372164226343,CC(N)Cl
672,1576801,1.4037362729503966,2.0854612577455464e-05,0.9985580710352118,CC1=CN(C2CC(O)C(COP(O)(=S)OC3CC(OC3COP(O)(=S)OC3CC(OC3COP(O)(=S)OC3CC(OC3COP(O)(=S)OC3CC(OC3COP(O)(=S)OC3CC(OC3COP(O)(=S)OC3CC(OC3COP(O)(=S)OC3CC(OC3COP(O)(=S)OC3CC(OC3COP(O)(=S)OC3CC(OC3COP(O)(=S)OC3CC(OC3COP(O)(=S)OC3CC(OC3COP(O)(=S)OC3CC(OC3COP(O)(=S)OC3CC(OC3COP(O)(=S)OC3CC(OC3COP(O)(=S)OC3CC(OC3COP(O)(=S)OC3CC(OC3COP(O)(=S)OC3CC(OC3COP(O)(=S)OC3CC(OC3COP(O)(=S)OC3CC(OC3COP(O)(=S)OC3CC(OC3COP(O)(=S)OC3CC(OC3COP(O)(=S)OC3CC(OC3COP(O)(=S)OC3CC(OC3CO)N3C=C(C)C(=O)NC3=O)N3C=CC(N)=NC3=O)n3cnc4c3N=C(N)NC4=O)N3C=C(C)C(=O)NC3=O)N3C=CC(N)=NC3=O)N3C(N)=NC4NC=NC4C3=O)N3C=C(C)C(=O)NC3=O)N3C=C(C)C(=O)NC3=O)N3C=C(C)C(=O)NC3=O)N3C=C(C)C(=O)NC3=O)N3C=NC4C3N=C(N)NC4=O)N3C=C(C)C(=O)NC3=O)N3C=CC(N)=NC3=O)N3C=NC4C3N=C(N)NC4=O)N3C=C(C)C(=O)NC3=O)N3C=C(C)C(=O)NC3=O)N3C=C(C)C(=O)NC3=O)N3C=C(C)C(=O)NC3=O)n3cnc4c3NC(N)=NC4=O)N3C=C(C)C(=O)NC3=O)N3C=CC(N)=NC3=O)N3C=NC4C3N=C(N)NC4=O)N3C=C(C)C(=O)NC3=O)O2)C(=O)NC1=O
673,23919,1.3889262423911453,2.0713871492361552e-05,0.9985787849067042,CC(=O)NCCNCCc1c[nH]cn1
674,47,1.3992953616101915,2.0673034102801604e-05,0.998599457940807,ClCCl
675,859,1.3936151824629643,2.0464364742667604e-05,0.9986199223055496,Fc1ccccn1
676,216,1.400593589266341,2.031467075317466e-05,0.9986402369763028,CC=NC#N
677,145,1.4002181829787235,2.0263104343481317e-05,0.9986605000806462,OCCCBr
678,178,1.3970024265753218,2.0180222561745153e-05,0.998680680303208,c1cncnc1
679,190728,1.3892202317777222,2.000844054017259e-05,0.9987006887437482,Cc1cnc(CNC(=O)C23CCOC2CCNC3)cn1
680,23919,1.399089191498233,1.9913434427234926e-05,0.9987206021781754,CC(=O)NCCNCCc1c[nH]cn1
681,1345,1.3897968536460954,1.986653689506031e-05,0.9987404687150704,CCN1CCOCC1
682,1710,1.3966954295099714,1.9687430104163036e-05,0.9987601561451745,C=CCOCC1CO1
683,96,1.3972911121373328,1.9535156299297732e-05,0.9987796913014738,ClCBr
684,210,1.3885046091363031,1.950156471114995e-05,0.998799192866185,CCCCCBr
685,1572662,1.3928359174136435,1.937915707083212e-05,0.9988185720232559,CCCCC(=O)N(CC(=O)NCCCC(=O)Nc1cc(C(=O)Nc2cc(C(=O)Nc3cc(C(=O)NCCCC(=O)Nc4cc(C(=O)Nc5cc(C(=O)Nc6cc(C(=O)NCCCN(C)C)n(C)c6)n(C)c5)n(C)c4)n(C)c3)n(C)c2)n(C)c1)CC(=O)NCCCC(=O)Nc1cc(C(=O)Nc2cc(C(=O)Nc3cc(C(=O)NCCCC(=O)Nc4cc(C(=O)Nc5cc(C(=O)Nc6cc(C(=O)NCCCN(C)C)n(C)c6)n(C)c5)n(C)c4)n(C)c3)n(C)c2)n(C)c1
686,45,1.4034209048865443,1.92334923347809e-05,0.9988378055155906,CCOCC
687,90,1.399019680155426,1.9129084642794644e-05,0.9988569346002334,OCCCl
688,146,1.4080670334379985,1.8979170033804418e-05,0.9988759137702672,C1CC1
689,10,1.3946277956938198,1.879921477537068e-05,0.9988947129850425,CI
690,1570670,1.4042568163492968,1.868626670577092e-05,0.9989133992517483,OC(=O)CN1CC23C4C5c6c7c8c9c(c%10c%11C%12C%13C%14=C%15c%16c%17C%18C%19C%20c%21c(C%14%18)c%13c(c4c%21c4c%20c%13c%14c%19c%17c%17c%18c%16c%16c%15c%12c%10c%10c%16c%12c%18c%15c%17c%14c%14c%13c(c54)c6c4c8c(c%12c9%10)c%15c%144)c2%11)C37C1C(O)=O
691,195,1.399168507551711,1.8574256412495988e-05,0.9989319735081608,CCNCCNCC
692,98,1.4039227179741665,1.841339842530661e-05,0.9989503869065861,COCCO
693,150,1.4022467095115152,1.8399704094691436e-05,0.9989687866106808,NCCCF
694,347,1.3983972620234917,1.8220963942924035e-05,0.9989870075746237,BrCC=C=C
695,15192,1.4030804033786137,1.8030553784879036e-05,0.9990050381284086,CCCCCCCCCCCCSCCOCCO
696,466,1.4052059503514698,1.8018175359071586e-05,0.9990230563037676,CN1CCCC1=O
697,59391,1.400238674760082,1.790403686904358e-05,0.9990409603406367,CCn1nccc1CNC(=O)CCC1CCCC1
698,419,1.4012251246191194,1.7747678596190512e-05,0.9990587080192329,NCCOCCN
699,40,1.3946224520468231,1.7669132485103905e-05,0.999076377151718,CCCCO
700,210,1.392726722262833,1.7421196042162872e-05,0.9990937983477602,CCCCCBr
701,664,1.4038338419327974,1.731686254038379e-05,0.9991111152103006,Cc1nccnc1C
702,1345,1.3937813038624676,1.7179073163420363e-05,0.9991282942834641,CCN1CCOCC1
703,253,1.4023982507753685,1.7075647414810257e-05,0.9991453699308789,OCCNCO
704,163,1.4031651027258425,1.700190855913381e-05,0.999162371839438,COCCl
705,1576692,1.3918753416013605,1.6886967383952973e-05,0.999179258806822,O=C1C(CCCC1=Cc1ccc(OCc2cc(OCc3cc(OCc4cc(OCc5ccc(cc5)-n5c6ccccc6c6ccccc56)cc(OCc5ccc(cc5)-n5c6ccccc6c6ccccc56)c4)cc(OCc4cc(OCc5ccc(cc5)-n5c6ccccc6c6ccccc56)cc(OCc5ccc(cc5)-n5c6ccccc6c6ccccc56)c4)c3)cc(OCc3cc(OCc4cc(OCc5ccc(cc5)-n5c6ccccc6c6ccccc56)cc(OCc5ccc(cc5)-n5c6ccccc6c6ccccc56)c4)cc(OCc4ccc(OCc5ccc(cc5)-n5c6ccccc6c6ccccc56)cc4OCc4ccc(cc4)-n4c5ccccc5c5ccccc45)c3)c2)cc1)=Cc1ccc(OCc2cc(OCc3cc(OCc4cc(OCc5ccc(cc5)-n5c6ccccc6c6ccccc56)cc(OCc5ccc(cc5)-n5c6ccccc6c6ccccc56)c4)cc(OCc4cc(OCc5ccc(cc5)-n5c6ccccc6c6ccccc56)cc(OCc5ccc(cc5)-n5c6ccccc6c6ccccc56)c4)c3)cc(OCc3cc(OCc4cc(OCc5ccc(cc5)-n5c6ccccc6c6ccccc56)cc(OCc5ccc(cc5)-n5c6ccccc6c6ccccc56)c4)cc(OCc4ccc(OCc5ccc(cc5)-n5c6ccccc6c6ccccc56)cc4OCc4ccc(cc4)-n4c5ccccc5c5ccccc45)c3)c2)cc1
706,1572203,1.4013040113720343,1.6697869517421965e-05,0.9991959566763394,CCCCCCCCCCCC(=O)OCCOCCOCCOCCOCCOCCOCCOCCOCCOCCOCCOCCOCCOCCOCCOCCOCCOCCOCCOCCOCC(OCCOCCOCCOCCOCCOCCOCCOCCOCCOCCOCCOCCOCCOCCOCCOCCOCCOCCOCCOCCO)C1OCC(OCCOCCOCCOCCOCCOCCOCCOCCOCCOCCOCCOCCOCCOCCOCCOCCOCCOCCOCCOCCO)C1OCCOCCOCCOCCOCCOCCOCCOCCOCCOCCOCCOCCOCCOCCOCCOCCOCCOCCOCCOCCO
707,23919,1.4025052428487177,1.6658087025434983e-05,0.9992126147633649,CC(=O)NCCNCCc1c[nH]cn1
708,819,1.4036461511074645,1.6467615032347486e-05,0.9992290823783972,O=NN1CCOC1
709,466,1.4034542325863537,1.6359482725885114e-05,0.9992454418611232,CN1CCCC1=O
710,110,1.40541170489848,1.6267171902516888e-05,0.9992617090330257,SC#N
711,70,1.3943957010171408,1.6068613407414973e-05,0.9992777776464331,ClCCCl
712,179,1.398505986489255,1.595916768935157e-05,0.9992937368141225,c1ncncn1
713,212,1.4040220299878077,1.5897066411322534e-05,0.9993096338805338,ClCCCCl
714,283,1.399052896640883,1.5815032165940142e-05,0.9993254489126998,CC(C)(C)O
715,212,1.3952459165405424,1.5699532687357172e-05,0.9993411484453871,ClCCCCl
716,369,1.4029422196123111,1.5574468427561385e-05,0.9993567229138147,ClCCCCBr
717,78,1.4014788192326746,1.552049457523825e-05,0.9993722434083899,CCCCCl
718,153,1.4052157918067212,1.5492911413575616e-05,0.9993877363198035,BrCBr
719,398,1.4039563678311104,1.5413159844952192e-05,0.9994031494796485,CCCCC#N
720,322070,1.4084487030346526,1.5299570683694783e-05,0.9994184490503322,CC(=O)N1CCc2ncc(CNC(=O)C3CCC3)n2CC1
721,102,1.3986810369871885,1.5119779758473638e-05,0.9994335688300906,CCON
722,12,1.4032009633695817,1.494975164065382e-05,0.9994485185817312,CC
723,54,1.3993582429925195,1.4930834696242843e-05,0.9994634494164275,CC#C
724,900,1.3989972737871432,1.48462694064336e-05,0.9994782956858339,O=S1CSCS1
725,2412,1.4037495192522305,1.4725734916305385e-05,0.9994930214207502,ClCCOCCOCCCl
726,53,1.406344092344614,1.462820092616874e-05,0.9995076496216764,OC=O
727,134,1.4000294256725605,1.4518711963582843e-05,0.9995221683336399,CCCC=C
728,152,1.4018291176385156,1.4445672812263302e-05,0.9995366140064522,NCCCl
729,391,1.4044690488926261,1.4291256899971967e-05,0.9995509052633522,OCCOCCO
730,339,1.3891476917285839,1.417767828390499e-05,0.9995650829416362,CCCCCCCl
731,155,1.40374843154985,1.40496929330899e-05,0.9995791326345692,O=C=O
732,99,1.39902323481382,1.4015800625943877e-05,0.9995931484351952,OCCCO
733,211,1.3954918268841996,1.399615031250674e-05,0.9996071445855077,ClCCCBr
734,510,1.3990784096956208,1.3826184755441661e-05,0.9996209707702631,OCC(Cl)Cl
735,1247,1.3928164156665965,1.3728423310264325e-05,0.9996346991935734,OCc1ccncc1
736,134,1.4022681485429056,1.3572157466609137e-05,0.99964827135104,CCCC=C
737,2357,1.4020116524942212,1.3496485013730125e-05,0.9996617678360536,CCCCNc1ccon1
738,105,1.406598865351667,1.3383728247555186e-05,0.9996751515643012,NCC=O
739,1576765,1.4001036502257207,1.3189997340398392e-05,0.9996883415616415,CC[n+]1ccc(cc1)-c1cc[n+](Cc2cc(C[n+]3ccc(cc3)-c3cc[n+](CC)cc3)cc(C[n+]3ccc(cc3)-c3cc[n+](Cc4cc(C[n+]5ccc(cc5)-c5cc[n+](Cc6cc(C[n+]7ccc(cc7)-c7cc[n+](CC)cc7)cc(C[n+]7ccc(cc7)-c7cc[n+](CC)cc7)c6)cc5)cc(C[n+]5ccc(cc5)-c5cc[n+](Cc6cc(C[n+]7ccc(cc7)-c7cc[n+](Cc8cc(C[n+]9ccc(cc9)-c9cc[n+](Cc%10cc(C[n+]%11ccc(cc%11)-c%11cc[n+](CC)cc%11)cc(C[n+]%11ccc(cc%11)-c%11cc[n+](CC)cc%11)c%10)cc9)cc(C[n+]9ccc(cc9)-c9cc[n+](Cc%10cc(C[n+]%11ccc(cc%11)-c%11cc[n+](CC)cc%11)cc(C[n+]%11ccc(cc%11)-c%11cc[n+](CC)cc%11)c%10)cc9)c8)cc7)cc(C[n+]7ccc(cc7)-c7cc[n+](Cc8cc(C[n+]9ccc(cc9)-c9cc[n+](Cc%10cc(C[n+]%11ccc(cc%11)-c%11cc[n+](CC)cc%11)cc(C[n+]%11ccc(cc%11)-c%11cc[n+](CC)cc%11)c%10)cc9)cc(C[n+]9ccc(cc9)-c9cc[n+](Cc%10cc(C[n+]%11ccc(cc%11)-c%11cc[n+](CC)cc%11)cc(C[n+]%11ccc(cc%11)-c%11cc[n+](CC)cc%11)c%10)cc9)c8)cc7)c6)cc5)c4)cc3)c2)cc1
740,3130,1.3913917075619437,1.308073809876206e-05,0.9997014222997403,NC(=O)NCC1CC1
741,180,1.402678504742609,1.299920854314623e-05,0.9997144215082835,c1cnccn1
742,96,1.3889122241672567,1.2884579379886748e-05,0.9997273060876634,ClCBr
743,2251,1.4005598149550063,1.2743349187008552e-05,0.9997400494368504,COCCCCCCN=C=S
744,3190,1.394489118818917,1.2681420033758805e-05,0.9997527308568841,[O-][N+]#[C-]
745,569749,1.3915701435286187,1.2517677593252314e-05,0.9997652485344773,Cn1cccc1C(=O)N1CCCCC11CN(C(=O)C1)c1cccnc1
746,1245,1.397717704903779,1.2494103448418076e-05,0.9997777426379257,OCCOCCOCCO
747,71,1.4009374586789674,1.2394806839681167e-05,0.9997901374447654,CCCC#C
748,908119,1.4058971926963597,1.2163470046054895e-05,0.9998023009148115,CN(CCN(C)C(=O)c1[nH]c(C)cc1C)C(=O)c1[nH]c(C)cc1C
749,596,1.4049008107230698,1.2010595639568525e-05,0.9998143115104511,C=CC1CO1
750,51,1.394015442933976,1.1847535281267716e-05,0.9998261590457324,OCCF
751,104,1.4039845512539608,1.1774894919904835e-05,0.9998379339406522,NCCF
752,378239,1.401657872370005,1.1656594326175168e-05,0.9998495905349785,FC(F)(F)C(=O)NCCNCCCNCCNC(=O)C(F)(F)F
753,441,1.4066049810269465,1.1597590492782816e-05,0.9998611881254712,CCCC=NO
754,82,1.4011612326319003,1.1579783863319386e-05,0.9998727679093345,CNCCO
755,54,1.4055403146661445,1.1308637301653576e-05,0.9998840765466362,CC#C
756,104,1.3931953607896652,1.123215767195963e-05,0.9998953087043082,NCCF
757,70,1.3990256920768043,1.1145007350598457e-05,0.9999064537116588,ClCCCl
758,596,1.4093670232258042,1.0959589666735865e-05,0.9999174133013254,C=CC1CO1
759,77,1.400311491669831,1.082321858834866e-05,0.9999282365199138,CCOC=O
760,82,1.3972998241941297,1.076019672005941e-05,0.9999389967166339,CNCCO
761,1332,1.4021510076431414,1.0621401389762315e-05,0.9999496181180236,C1CCCNCCC1
762,87,1.4054916781633853,1.0369723279908268e-05,0.9999599878413036,CCSCC
763,228,1.3994013898738789,1.0233421231268968e-05,0.9999702212625349,CSCCC=O
764,102,1.405355905472269,1.0060603385551098e-05,0.9999802818659205,CCON
765,42,1.4083130777405215,9.97263229962797e-06,0.9999902544982201,COCOC
766,1249,1.400865185529613,9.745501778936675e-06,0.999999999999999,[O-][N+]#N
767,1459815,1.4113586429691753,2.1194238518686363e-17,0.999999999999999,CC(C)(C)n1cc(CN2CCC3(CN(C(=O)O3)c3ccc(cc3)C(O)=O)CC2)c(n1)-c1ccc(F)c(Cl)c1
